Executing action: all (aliases: build)
Running cmake in directory /Users/light/dev/web-apps/aligned-tools/hardware/watcher-firmware/examples/aligned-realtime/build
Executing "cmake -G 'Unix Makefiles' -DPYTHON_DEPS_CHECKED=1 -DPYTHON=/Users/light/.espressif/python_env/idf5.4_py3.13_env/bin/python -DESP_PLATFORM=1 -DCCACHE_ENABLE=0 /Users/light/dev/web-apps/aligned-tools/hardware/watcher-firmware/examples/aligned-realtime"...
-- IDF_TARGET is not set, guessed 'esp32s3' from sdkconfig '/Users/light/dev/web-apps/aligned-tools/hardware/watcher-firmware/examples/aligned-realtime/sdkconfig'
-- Found Git: /opt/homebrew/bin/git (found version "2.49.0")
-- The C compiler identification is GNU 14.2.0
-- The CXX compiler identification is GNU 14.2.0
-- The ASM compiler identification is GNU
-- Found assembler: /Users/light/.espressif/tools/xtensa-esp-elf/esp-14.2.0_20250730/xtensa-esp-elf/bin/xtensa-esp32s3-elf-gcc
-- Detecting C compiler ABI info
-- Detecting C compiler ABI info - done
-- Check for working C compiler: /Users/light/.espressif/tools/xtensa-esp-elf/esp-14.2.0_20250730/xtensa-esp-elf/bin/xtensa-esp32s3-elf-gcc - skipped
-- Detecting C compile features
-- Detecting C compile features - done
-- Detecting CXX compiler ABI info
-- Detecting CXX compiler ABI info - done
-- Check for working CXX compiler: /Users/light/.espressif/tools/xtensa-esp-elf/esp-14.2.0_20250730/xtensa-esp-elf/bin/xtensa-esp32s3-elf-g++ - skipped
-- Detecting CXX compile features
-- Detecting CXX compile features - done
-- Building ESP-IDF components for target esp32s3
NOTICE: Manifest files have changed, solving dependencies.
NOTICE: Using component placed at /Users/light/dev/web-apps/aligned-tools/hardware/watcher-firmware/components/esp_io_expander_pca95xx_16bit for dependency "esp_io_expander_pca95xx_16bit", specified in /Users/light/dev/web-apps/aligned-tools/hardware/watcher-firmware/examples/aligned-realtime/src/idf_component.yml
NOTICE: Using component placed at /Users/light/dev/web-apps/aligned-tools/hardware/watcher-firmware/components/esp_lvgl_port for dependency "esp_lvgl_port", specified in /Users/light/dev/web-apps/aligned-tools/hardware/watcher-firmware/examples/aligned-realtime/src/idf_component.yml
NOTICE: Using component placed at /Users/light/dev/web-apps/aligned-tools/hardware/watcher-firmware/components/sensecap-watcher for dependency "sensecap-watcher", specified in /Users/light/dev/web-apps/aligned-tools/hardware/watcher-firmware/examples/aligned-realtime/src/idf_component.yml
NOTICE: Using component placed at /Users/light/dev/web-apps/aligned-tools/hardware/watcher-firmware/components/sscma_client for dependency "sscma_client", specified in /Users/light/dev/web-apps/aligned-tools/hardware/watcher-firmware/examples/aligned-realtime/src/idf_component.yml
.....................NOTICE: Using component placed at /Users/light/dev/web-apps/aligned-tools/hardware/watcher-firmware/components/esp_lvgl_port for dependency "espressif/esp_lvgl_port"(introduced by component "sensecap-watcher"), specified in /Users/light/dev/web-apps/aligned-tools/hardware/watcher-firmware/examples/aligned-realtime/src/idf_component.yml
NOTICE: Using component placed at /Users/light/dev/web-apps/aligned-tools/hardware/watcher-firmware/components/sscma_client for dependency "sscma_client"(introduced by component "sensecap-watcher"), specified in /Users/light/dev/web-apps/aligned-tools/hardware/watcher-firmware/examples/aligned-realtime/src/idf_component.yml
NOTICE: Using component placed at /Users/light/dev/web-apps/aligned-tools/hardware/watcher-firmware/components/esp_io_expander_pca95xx_16bit for dependency "esp_io_expander_pca95xx_16bit"(introduced by component "sensecap-watcher"), specified in /Users/light/dev/web-apps/aligned-tools/hardware/watcher-firmware/examples/aligned-realtime/src/idf_component.yml
..............NOTICE: Skipping optional dependency: espressif/esp_video
..................................NOTICE: Updating lock file at /Users/light/dev/web-apps/aligned-tools/hardware/watcher-firmware/examples/aligned-realtime/dependencies.lock
NOTICE: Processing 39 dependencies:
NOTICE: [1/39] esp_io_expander_pca95xx_16bit (1.0.0) (/Users/light/dev/web-apps/aligned-tools/hardware/watcher-firmware/components/esp_io_expander_pca95xx_16bit)
NOTICE: [2/39] esp_lvgl_port (1.4.0) (/Users/light/dev/web-apps/aligned-tools/hardware/watcher-firmware/components/esp_lvgl_port)
NOTICE: [3/39] espressif/button (3.2.3)
NOTICE: [4/39] espressif/cmake_utilities (0.5.3)
NOTICE: [5/39] espressif/dl_fft (0.3.1)
NOTICE: [6/39] espressif/esp-dsp (1.6.0)
NOTICE: [7/39] espressif/esp-sr (2.1.5)
NOTICE: [8/39] espressif/esp32-camera (2.1.4)
NOTICE: [9/39] espressif/esp_audio_codec (2.3.0)
NOTICE: [10/39] espressif/esp_audio_effects (1.1.0)
NOTICE: [11/39] espressif/esp_capture (0.7.8)
NOTICE: [12/39] espressif/esp_codec_dev (1.4.0)
NOTICE: [13/39] espressif/esp_h264 (1.2.0~1)
NOTICE: [14/39] espressif/esp_image_effects (1.0.1)
NOTICE: [15/39] espressif/esp_io_expander (1.0.1)
NOTICE: [16/39] espressif/esp_jpeg (1.3.1)
NOTICE: [17/39] espressif/esp_lcd_spd2010 (1.0.1)
NOTICE: [18/39] espressif/esp_lcd_touch (1.2.1)
NOTICE: [19/39] espressif/esp_lcd_touch_spd2010 (0.0.1)
NOTICE: [20/39] espressif/esp_libsrtp (1.0.0)
NOTICE: [21/39] espressif/esp_muxer (1.1.2)
NOTICE: [22/39] espressif/esp_new_jpeg (1.0.0)
NOTICE: [23/39] espressif/esp_peer (1.2.7)
NOTICE: [24/39] espressif/esp_video_codec (0.5.3)
NOTICE: [25/39] espressif/esp_websocket_client (1.6.0)
NOTICE: [26/39] espressif/gmf_audio (0.7.2)
NOTICE: [27/39] espressif/gmf_core (0.7.9)
NOTICE: [28/39] espressif/gmf_video (0.7.1)
NOTICE: [29/39] espressif/knob (0.1.4)
NOTICE: [30/39] espressif/led_strip (2.5.4)
NOTICE: [31/39] livekit/khash (0.2.8)
NOTICE: [32/39] livekit/nanopb (0.4.9)
NOTICE: [33/39] lvgl/lvgl (8.4.0) (/Users/light/dev/web-apps/aligned-tools/hardware/watcher-firmware/components/lvgl)
NOTICE: [34/39] rlottie (1.0.0) (/Users/light/dev/web-apps/aligned-tools/hardware/watcher-firmware/components/rlottie)
NOTICE: [35/39] sensecap-watcher (1.0.0) (/Users/light/dev/web-apps/aligned-tools/hardware/watcher-firmware/components/sensecap-watcher)
NOTICE: [36/39] sscma_client (1.0.2) (/Users/light/dev/web-apps/aligned-tools/hardware/watcher-firmware/components/sscma_client)
NOTICE: [37/39] tempotian/av_render (0.9.1)
NOTICE: [38/39] tempotian/media_lib_sal (0.9.1)
NOTICE: [39/39] idf (5.4.3)
NOTICE: Skipping optional dependency: espressif/esp_video
-- Project sdkconfig file /Users/light/dev/web-apps/aligned-tools/hardware/watcher-firmware/examples/aligned-realtime/sdkconfig
Loading defaults file /Users/light/dev/web-apps/aligned-tools/hardware/watcher-firmware/examples/aligned-realtime/sdkconfig.defaults...
-- Compiler supported targets: xtensa-esp-elf
-- Found Python3: /Users/light/.espressif/python_env/idf5.4_py3.13_env/bin/python (found version "3.13.4") found components: Interpreter
-- Performing Test CMAKE_HAVE_LIBC_PTHREAD
-- Performing Test CMAKE_HAVE_LIBC_PTHREAD - Success
-- Found Threads: TRUE
-- Performing Test C_COMPILER_SUPPORTS_WFORMAT_SIGNEDNESS
-- Performing Test C_COMPILER_SUPPORTS_WFORMAT_SIGNEDNESS - Success
-- USING O3
-- App "aligned-realtime" version: ef28dfc-dirty
-- Adding linker script /Users/light/dev/web-apps/aligned-tools/hardware/watcher-firmware/examples/aligned-realtime/build/esp-idf/esp_system/ld/memory.ld
-- Adding linker script /Users/light/dev/web-apps/aligned-tools/hardware/watcher-firmware/examples/aligned-realtime/build/esp-idf/esp_system/ld/sections.ld.in
-- Adding linker script /Users/light/esp/esp-idf-v5.4.3/components/esp_rom/esp32s3/ld/esp32s3.rom.ld
-- Adding linker script /Users/light/esp/esp-idf-v5.4.3/components/esp_rom/esp32s3/ld/esp32s3.rom.api.ld
-- Adding linker script /Users/light/esp/esp-idf-v5.4.3/components/esp_rom/esp32s3/ld/esp32s3.rom.bt_funcs.ld
-- Adding linker script /Users/light/esp/esp-idf-v5.4.3/components/esp_rom/esp32s3/ld/esp32s3.rom.libgcc.ld
-- Adding linker script /Users/light/esp/esp-idf-v5.4.3/components/esp_rom/esp32s3/ld/esp32s3.rom.wdt.ld
-- Adding linker script /Users/light/esp/esp-idf-v5.4.3/components/esp_rom/esp32s3/ld/esp32s3.rom.version.ld
-- Adding linker script /Users/light/esp/esp-idf-v5.4.3/components/esp_rom/esp32s3/ld/esp32s3.rom.ble_master.ld
-- Adding linker script /Users/light/esp/esp-idf-v5.4.3/components/esp_rom/esp32s3/ld/esp32s3.rom.ble_50.ld
-- Adding linker script /Users/light/esp/esp-idf-v5.4.3/components/esp_rom/esp32s3/ld/esp32s3.rom.ble_smp.ld
-- Adding linker script /Users/light/esp/esp-idf-v5.4.3/components/esp_rom/esp32s3/ld/esp32s3.rom.ble_dtm.ld
-- Adding linker script /Users/light/esp/esp-idf-v5.4.3/components/esp_rom/esp32s3/ld/esp32s3.rom.ble_test.ld
-- Adding linker script /Users/light/esp/esp-idf-v5.4.3/components/esp_rom/esp32s3/ld/esp32s3.rom.ble_scan.ld
-- Adding linker script /Users/light/esp/esp-idf-v5.4.3/components/esp_rom/esp32s3/ld/esp32s3.rom.newlib.ld
-- Adding linker script /Users/light/esp/esp-idf-v5.4.3/components/soc/esp32s3/ld/esp32s3.peripherals.ld
-- ESP_CAPTURE: 0.7.8
CMake Deprecation Warning at managed_components/espressif__esp_libsrtp/CMakeLists.txt:1 (cmake_minimum_required):
  Compatibility with CMake < 3.10 will be removed from a future version of
  CMake.

  Update the VERSION argument <min> value.  Or, use the <min>...<max> syntax
  to tell CMake that the project requires at least <min> but has been updated
  to work with policies introduced by <max> or earlier.


-- ESP_LCD_SPD2010: 1.0.1
-- ESP_LCD_TOUCH_SPD2010: 0.0.1
CMake Deprecation Warning at /Users/light/dev/web-apps/aligned-tools/hardware/watcher-firmware/components/rlottie/CMakeLists.txt:1 (cmake_minimum_required):
  Compatibility with CMake < 3.10 will be removed from a future version of
  CMake.

  Update the VERSION argument <min> value.  Or, use the <min>...<max> syntax
  to tell CMake that the project requires at least <min> but has been updated
  to work with policies introduced by <max> or earlier.


-- BUTTON: 3.2.3
-- KNOB: 0.1.4
-- Components: app_trace app_update bootloader bootloader_support bt cmock console cxx driver efuse esp-tls esp_adc esp_app_format esp_bootloader_format esp_coex esp_common esp_driver_ana_cmpr esp_driver_cam esp_driver_dac esp_driver_gpio esp_driver_gptimer esp_driver_i2c esp_driver_i2s esp_driver_isp esp_driver_jpeg esp_driver_ledc esp_driver_mcpwm esp_driver_parlio esp_driver_pcnt esp_driver_ppa esp_driver_rmt esp_driver_sdio esp_driver_sdm esp_driver_sdmmc esp_driver_sdspi esp_driver_spi esp_driver_touch_sens esp_driver_tsens esp_driver_uart esp_driver_usb_serial_jtag esp_eth esp_event esp_gdbstub esp_hid esp_http_client esp_http_server esp_https_ota esp_https_server esp_hw_support esp_io_expander_pca95xx_16bit esp_lcd esp_local_ctrl esp_lvgl_port esp_mm esp_netif esp_netif_stack esp_partition esp_phy esp_pm esp_psram esp_ringbuf esp_rom esp_security esp_system esp_timer esp_vfs_console esp_wifi espcoredump espressif__button espressif__cmake_utilities espressif__dl_fft espressif__esp-dsp espressif__esp-sr espressif__esp32-camera espressif__esp_audio_codec espressif__esp_audio_effects espressif__esp_capture espressif__esp_codec_dev espressif__esp_h264 espressif__esp_image_effects espressif__esp_io_expander espressif__esp_jpeg espressif__esp_lcd_spd2010 espressif__esp_lcd_touch espressif__esp_lcd_touch_spd2010 espressif__esp_libsrtp espressif__esp_muxer espressif__esp_new_jpeg espressif__esp_peer espressif__esp_video_codec espressif__esp_websocket_client espressif__gmf_audio espressif__gmf_core espressif__gmf_video espressif__knob espressif__led_strip esptool_py fatfs freertos hal heap http_parser idf_test ieee802154 json livekit__khash livekit__livekit livekit__nanopb log lvgl lwip mbedtls mqtt newlib nvs_flash nvs_sec_provider openthread partition_table perfmon protobuf-c protocomm pthread rlottie rt sdmmc sensecap-watcher soc spi_flash spiffs src sscma_client tcp_transport tempotian__av_render tempotian__media_lib_sal touch_element ulp unity usb vfs wear_levelling wifi_provisioning wpa_supplicant xtensa
-- Component paths: /Users/light/esp/esp-idf-v5.4.3/components/app_trace /Users/light/esp/esp-idf-v5.4.3/components/app_update /Users/light/esp/esp-idf-v5.4.3/components/bootloader /Users/light/esp/esp-idf-v5.4.3/components/bootloader_support /Users/light/esp/esp-idf-v5.4.3/components/bt /Users/light/esp/esp-idf-v5.4.3/components/cmock /Users/light/esp/esp-idf-v5.4.3/components/console /Users/light/esp/esp-idf-v5.4.3/components/cxx /Users/light/esp/esp-idf-v5.4.3/components/driver /Users/light/esp/esp-idf-v5.4.3/components/efuse /Users/light/esp/esp-idf-v5.4.3/components/esp-tls /Users/light/esp/esp-idf-v5.4.3/components/esp_adc /Users/light/esp/esp-idf-v5.4.3/components/esp_app_format /Users/light/esp/esp-idf-v5.4.3/components/esp_bootloader_format /Users/light/esp/esp-idf-v5.4.3/components/esp_coex /Users/light/esp/esp-idf-v5.4.3/components/esp_common /Users/light/esp/esp-idf-v5.4.3/components/esp_driver_ana_cmpr /Users/light/esp/esp-idf-v5.4.3/components/esp_driver_cam /Users/light/esp/esp-idf-v5.4.3/components/esp_driver_dac /Users/light/esp/esp-idf-v5.4.3/components/esp_driver_gpio /Users/light/esp/esp-idf-v5.4.3/components/esp_driver_gptimer /Users/light/esp/esp-idf-v5.4.3/components/esp_driver_i2c /Users/light/esp/esp-idf-v5.4.3/components/esp_driver_i2s /Users/light/esp/esp-idf-v5.4.3/components/esp_driver_isp /Users/light/esp/esp-idf-v5.4.3/components/esp_driver_jpeg /Users/light/esp/esp-idf-v5.4.3/components/esp_driver_ledc /Users/light/esp/esp-idf-v5.4.3/components/esp_driver_mcpwm /Users/light/esp/esp-idf-v5.4.3/components/esp_driver_parlio /Users/light/esp/esp-idf-v5.4.3/components/esp_driver_pcnt /Users/light/esp/esp-idf-v5.4.3/components/esp_driver_ppa /Users/light/esp/esp-idf-v5.4.3/components/esp_driver_rmt /Users/light/esp/esp-idf-v5.4.3/components/esp_driver_sdio /Users/light/esp/esp-idf-v5.4.3/components/esp_driver_sdm /Users/light/esp/esp-idf-v5.4.3/components/esp_driver_sdmmc /Users/light/esp/esp-idf-v5.4.3/components/esp_driver_sdspi /Users/light/esp/esp-idf-v5.4.3/components/esp_driver_spi /Users/light/esp/esp-idf-v5.4.3/components/esp_driver_touch_sens /Users/light/esp/esp-idf-v5.4.3/components/esp_driver_tsens /Users/light/esp/esp-idf-v5.4.3/components/esp_driver_uart /Users/light/esp/esp-idf-v5.4.3/components/esp_driver_usb_serial_jtag /Users/light/esp/esp-idf-v5.4.3/components/esp_eth /Users/light/esp/esp-idf-v5.4.3/components/esp_event /Users/light/esp/esp-idf-v5.4.3/components/esp_gdbstub /Users/light/esp/esp-idf-v5.4.3/components/esp_hid /Users/light/esp/esp-idf-v5.4.3/components/esp_http_client /Users/light/esp/esp-idf-v5.4.3/components/esp_http_server /Users/light/esp/esp-idf-v5.4.3/components/esp_https_ota /Users/light/esp/esp-idf-v5.4.3/components/esp_https_server /Users/light/esp/esp-idf-v5.4.3/components/esp_hw_support /Users/light/dev/web-apps/aligned-tools/hardware/watcher-firmware/components/esp_io_expander_pca95xx_16bit /Users/light/esp/esp-idf-v5.4.3/components/esp_lcd /Users/light/esp/esp-idf-v5.4.3/components/esp_local_ctrl /Users/light/dev/web-apps/aligned-tools/hardware/watcher-firmware/components/esp_lvgl_port /Users/light/esp/esp-idf-v5.4.3/components/esp_mm /Users/light/esp/esp-idf-v5.4.3/components/esp_netif /Users/light/esp/esp-idf-v5.4.3/components/esp_netif_stack /Users/light/esp/esp-idf-v5.4.3/components/esp_partition /Users/light/esp/esp-idf-v5.4.3/components/esp_phy /Users/light/esp/esp-idf-v5.4.3/components/esp_pm /Users/light/esp/esp-idf-v5.4.3/components/esp_psram /Users/light/esp/esp-idf-v5.4.3/components/esp_ringbuf /Users/light/esp/esp-idf-v5.4.3/components/esp_rom /Users/light/esp/esp-idf-v5.4.3/components/esp_security /Users/light/esp/esp-idf-v5.4.3/components/esp_system /Users/light/esp/esp-idf-v5.4.3/components/esp_timer /Users/light/esp/esp-idf-v5.4.3/components/esp_vfs_console /Users/light/esp/esp-idf-v5.4.3/components/esp_wifi /Users/light/esp/esp-idf-v5.4.3/components/espcoredump /Users/light/dev/web-apps/aligned-tools/hardware/watcher-firmware/examples/aligned-realtime/managed_components/espressif__button /Users/light/dev/web-apps/aligned-tools/hardware/watcher-firmware/examples/aligned-realtime/managed_components/espressif__cmake_utilities /Users/light/dev/web-apps/aligned-tools/hardware/watcher-firmware/examples/aligned-realtime/managed_components/espressif__dl_fft /Users/light/dev/web-apps/aligned-tools/hardware/watcher-firmware/examples/aligned-realtime/managed_components/espressif__esp-dsp /Users/light/dev/web-apps/aligned-tools/hardware/watcher-firmware/examples/aligned-realtime/managed_components/espressif__esp-sr /Users/light/dev/web-apps/aligned-tools/hardware/watcher-firmware/examples/aligned-realtime/managed_components/espressif__esp32-camera /Users/light/dev/web-apps/aligned-tools/hardware/watcher-firmware/examples/aligned-realtime/managed_components/espressif__esp_audio_codec /Users/light/dev/web-apps/aligned-tools/hardware/watcher-firmware/examples/aligned-realtime/managed_components/espressif__esp_audio_effects /Users/light/dev/web-apps/aligned-tools/hardware/watcher-firmware/examples/aligned-realtime/managed_components/espressif__esp_capture /Users/light/dev/web-apps/aligned-tools/hardware/watcher-firmware/examples/aligned-realtime/managed_components/espressif__esp_codec_dev /Users/light/dev/web-apps/aligned-tools/hardware/watcher-firmware/examples/aligned-realtime/managed_components/espressif__esp_h264 /Users/light/dev/web-apps/aligned-tools/hardware/watcher-firmware/examples/aligned-realtime/managed_components/espressif__esp_image_effects /Users/light/dev/web-apps/aligned-tools/hardware/watcher-firmware/examples/aligned-realtime/managed_components/espressif__esp_io_expander /Users/light/dev/web-apps/aligned-tools/hardware/watcher-firmware/examples/aligned-realtime/managed_components/espressif__esp_jpeg /Users/light/dev/web-apps/aligned-tools/hardware/watcher-firmware/examples/aligned-realtime/managed_components/espressif__esp_lcd_spd2010 /Users/light/dev/web-apps/aligned-tools/hardware/watcher-firmware/examples/aligned-realtime/managed_components/espressif__esp_lcd_touch /Users/light/dev/web-apps/aligned-tools/hardware/watcher-firmware/examples/aligned-realtime/managed_components/espressif__esp_lcd_touch_spd2010 /Users/light/dev/web-apps/aligned-tools/hardware/watcher-firmware/examples/aligned-realtime/managed_components/espressif__esp_libsrtp /Users/light/dev/web-apps/aligned-tools/hardware/watcher-firmware/examples/aligned-realtime/managed_components/espressif__esp_muxer /Users/light/dev/web-apps/aligned-tools/hardware/watcher-firmware/examples/aligned-realtime/managed_components/espressif__esp_new_jpeg /Users/light/dev/web-apps/aligned-tools/hardware/watcher-firmware/examples/aligned-realtime/managed_components/espressif__esp_peer /Users/light/dev/web-apps/aligned-tools/hardware/watcher-firmware/examples/aligned-realtime/managed_components/espressif__esp_video_codec /Users/light/dev/web-apps/aligned-tools/hardware/watcher-firmware/examples/aligned-realtime/managed_components/espressif__esp_websocket_client /Users/light/dev/web-apps/aligned-tools/hardware/watcher-firmware/examples/aligned-realtime/managed_components/espressif__gmf_audio /Users/light/dev/web-apps/aligned-tools/hardware/watcher-firmware/examples/aligned-realtime/managed_components/espressif__gmf_core /Users/light/dev/web-apps/aligned-tools/hardware/watcher-firmware/examples/aligned-realtime/managed_components/espressif__gmf_video /Users/light/dev/web-apps/aligned-tools/hardware/watcher-firmware/examples/aligned-realtime/managed_components/espressif__knob /Users/light/dev/web-apps/aligned-tools/hardware/watcher-firmware/examples/aligned-realtime/managed_components/espressif__led_strip /Users/light/esp/esp-idf-v5.4.3/components/esptool_py /Users/light/esp/esp-idf-v5.4.3/components/fatfs /Users/light/esp/esp-idf-v5.4.3/components/freertos /Users/light/esp/esp-idf-v5.4.3/components/hal /Users/light/esp/esp-idf-v5.4.3/components/heap /Users/light/esp/esp-idf-v5.4.3/components/http_parser /Users/light/esp/esp-idf-v5.4.3/components/idf_test /Users/light/esp/esp-idf-v5.4.3/components/ieee802154 /Users/light/esp/esp-idf-v5.4.3/components/json /Users/light/dev/web-apps/aligned-tools/hardware/watcher-firmware/examples/aligned-realtime/managed_components/livekit__khash /Users/light/dev/web-apps/aligned-tools/hardware/watcher-firmware/examples/aligned-realtime/components/livekit__livekit /Users/light/dev/web-apps/aligned-tools/hardware/watcher-firmware/examples/aligned-realtime/managed_components/livekit__nanopb /Users/light/esp/esp-idf-v5.4.3/components/log /Users/light/dev/web-apps/aligned-tools/hardware/watcher-firmware/components/lvgl /Users/light/esp/esp-idf-v5.4.3/components/lwip /Users/light/esp/esp-idf-v5.4.3/components/mbedtls /Users/light/esp/esp-idf-v5.4.3/components/mqtt /Users/light/esp/esp-idf-v5.4.3/components/newlib /Users/light/esp/esp-idf-v5.4.3/components/nvs_flash /Users/light/esp/esp-idf-v5.4.3/components/nvs_sec_provider /Users/light/esp/esp-idf-v5.4.3/components/openthread /Users/light/esp/esp-idf-v5.4.3/components/partition_table /Users/light/esp/esp-idf-v5.4.3/components/perfmon /Users/light/esp/esp-idf-v5.4.3/components/protobuf-c /Users/light/esp/esp-idf-v5.4.3/components/protocomm /Users/light/esp/esp-idf-v5.4.3/components/pthread /Users/light/dev/web-apps/aligned-tools/hardware/watcher-firmware/components/rlottie /Users/light/esp/esp-idf-v5.4.3/components/rt /Users/light/esp/esp-idf-v5.4.3/components/sdmmc /Users/light/dev/web-apps/aligned-tools/hardware/watcher-firmware/components/sensecap-watcher /Users/light/esp/esp-idf-v5.4.3/components/soc /Users/light/esp/esp-idf-v5.4.3/components/spi_flash /Users/light/esp/esp-idf-v5.4.3/components/spiffs /Users/light/dev/web-apps/aligned-tools/hardware/watcher-firmware/examples/aligned-realtime/src /Users/light/dev/web-apps/aligned-tools/hardware/watcher-firmware/components/sscma_client /Users/light/esp/esp-idf-v5.4.3/components/tcp_transport /Users/light/dev/web-apps/aligned-tools/hardware/watcher-firmware/examples/aligned-realtime/managed_components/tempotian__av_render /Users/light/dev/web-apps/aligned-tools/hardware/watcher-firmware/examples/aligned-realtime/managed_components/tempotian__media_lib_sal /Users/light/esp/esp-idf-v5.4.3/components/touch_element /Users/light/esp/esp-idf-v5.4.3/components/ulp /Users/light/esp/esp-idf-v5.4.3/components/unity /Users/light/esp/esp-idf-v5.4.3/components/usb /Users/light/esp/esp-idf-v5.4.3/components/vfs /Users/light/esp/esp-idf-v5.4.3/components/wear_levelling /Users/light/esp/esp-idf-v5.4.3/components/wifi_provisioning /Users/light/esp/esp-idf-v5.4.3/components/wpa_supplicant /Users/light/esp/esp-idf-v5.4.3/components/xtensa
-- Configuring done (6.9s)
-- Generating done (0.9s)
-- Build files have been written to: /Users/light/dev/web-apps/aligned-tools/hardware/watcher-firmware/examples/aligned-realtime/build
Running make in directory /Users/light/dev/web-apps/aligned-tools/hardware/watcher-firmware/examples/aligned-realtime/build
Executing "make -j 16 all"...
[  0%] Built target custom_bundle
[  0%] Generating /Users/light/dev/web-apps/aligned-tools/hardware/watcher-firmware/examples/aligned-realtime/build/esp-idf/esp_system/ld/sections.ld.in linker script...
[  0%] Generating project_elf_src_esp32s3.c
[  1%] Generating /Users/light/dev/web-apps/aligned-tools/hardware/watcher-firmware/examples/aligned-realtime/build/esp-idf/esp_system/ld/memory.ld linker script...
[  1%] Generating ../../partition_table/partition-table.bin
[  1%] Built target _project_elf_src
[  1%] Built target memory.ld
[  1%] Built target sections.ld.in
Partition table binary generated. Contents:
*******************************************************************************
[  1%] Building C object esp-idf/esp_https_ota/CMakeFiles/__idf_esp_https_ota.dir/src/esp_https_ota.c.obj
# ESP-IDF Partition Table
# Name, Type, SubType, Offset, Size, Flags
nvsfactory,data,nvs,0x9000,200K,
nvs,data,nvs,0x3b000,840K,
phy_init,data,phy,0x10d000,4K,
factory,app,factory,0x110000,12M,
*******************************************************************************
[  1%] Built target partition_table_bin
[  1%] Creating directories for 'bootloader'
[  1%] No download step for 'bootloader'
[  1%] No update step for 'bootloader'
[  1%] No patch step for 'bootloader'
[  1%] Performing configure step for 'bootloader'
-- Found Git: /opt/homebrew/bin/git (found version "2.49.0")
[  1%] Linking C static library libesp_https_ota.a
[  1%] Built target __idf_esp_https_ota
[  1%] Building C object esp-idf/esp_http_server/CMakeFiles/__idf_esp_http_server.dir/src/httpd_main.c.obj
[  1%] Building C object esp-idf/esp_http_server/CMakeFiles/__idf_esp_http_server.dir/src/httpd_uri.c.obj
[  1%] Building C object esp-idf/esp_http_server/CMakeFiles/__idf_esp_http_server.dir/src/util/ctrl_sock.c.obj
[  1%] Building C object esp-idf/esp_http_server/CMakeFiles/__idf_esp_http_server.dir/src/httpd_sess.c.obj
[  1%] Building C object esp-idf/esp_http_server/CMakeFiles/__idf_esp_http_server.dir/src/httpd_ws.c.obj
[  1%] Building C object esp-idf/esp_http_server/CMakeFiles/__idf_esp_http_server.dir/src/httpd_parse.c.obj
[  1%] Building C object esp-idf/esp_http_server/CMakeFiles/__idf_esp_http_server.dir/src/httpd_txrx.c.obj
[  1%] Linking C static library libesp_http_server.a
[  1%] Built target __idf_esp_http_server
[  1%] Building C object esp-idf/esp_http_client/CMakeFiles/__idf_esp_http_client.dir/esp_http_client.c.obj
[  1%] Building C object esp-idf/esp_http_client/CMakeFiles/__idf_esp_http_client.dir/lib/http_auth.c.obj
[  1%] Building C object esp-idf/esp_http_client/CMakeFiles/__idf_esp_http_client.dir/lib/http_header.c.obj
[  2%] Building C object esp-idf/esp_http_client/CMakeFiles/__idf_esp_http_client.dir/lib/http_utils.c.obj
[  2%] Linking C static library libesp_http_client.a
[  2%] Built target __idf_esp_http_client
[  2%] Building C object esp-idf/tcp_transport/CMakeFiles/__idf_tcp_transport.dir/transport.c.obj
[  2%] Building C object esp-idf/tcp_transport/CMakeFiles/__idf_tcp_transport.dir/transport_internal.c.obj
[  2%] Building C object esp-idf/tcp_transport/CMakeFiles/__idf_tcp_transport.dir/transport_socks_proxy.c.obj
[  2%] Building C object esp-idf/tcp_transport/CMakeFiles/__idf_tcp_transport.dir/transport_ssl.c.obj
[  2%] Building C object esp-idf/tcp_transport/CMakeFiles/__idf_tcp_transport.dir/transport_ws.c.obj
-- The C compiler identification is GNU 14.2.0
-- The CXX compiler identification is GNU 14.2.0
[  2%] Linking C static library libtcp_transport.a
-- The ASM compiler identification is GNU
-- Found assembler: /Users/light/.espressif/tools/xtensa-esp-elf/esp-14.2.0_20250730/xtensa-esp-elf/bin/xtensa-esp32s3-elf-gcc
-- Detecting C compiler ABI info
[  2%] Built target __idf_tcp_transport
[  2%] Building C object esp-idf/esp_psram/CMakeFiles/__idf_esp_psram.dir/mmu_psram_flash.c.obj
[  2%] Building C object esp-idf/esp_psram/CMakeFiles/__idf_esp_psram.dir/esp_psram.c.obj
[  2%] Building C object esp-idf/esp_psram/CMakeFiles/__idf_esp_psram.dir/esp32s3/esp_psram_impl_octal.c.obj
-- Detecting C compiler ABI info - done
-- Check for working C compiler: /Users/light/.espressif/tools/xtensa-esp-elf/esp-14.2.0_20250730/xtensa-esp-elf/bin/xtensa-esp32s3-elf-gcc - skipped
-- Detecting C compile features
-- Detecting C compile features - done
-- Detecting CXX compiler ABI info
[  2%] Linking C static library libesp_psram.a
-- Detecting CXX compiler ABI info - done
-- Check for working CXX compiler: /Users/light/.espressif/tools/xtensa-esp-elf/esp-14.2.0_20250730/xtensa-esp-elf/bin/xtensa-esp32s3-elf-g++ - skipped
-- Detecting CXX compile features
-- Detecting CXX compile features - done
[  2%] Built target __idf_esp_psram
[  2%] Building C object esp-idf/esp_adc/CMakeFiles/__idf_esp_adc.dir/adc_cali.c.obj
[  2%] Building C object esp-idf/esp_adc/CMakeFiles/__idf_esp_adc.dir/adc_cali_curve_fitting.c.obj
[  2%] Building C object esp-idf/esp_adc/CMakeFiles/__idf_esp_adc.dir/deprecated/esp_adc_cal_common_legacy.c.obj
[  2%] Building C object esp-idf/esp_adc/CMakeFiles/__idf_esp_adc.dir/adc_oneshot.c.obj
[  2%] Building C object esp-idf/esp_adc/CMakeFiles/__idf_esp_adc.dir/adc_continuous.c.obj
[  2%] Building C object esp-idf/esp_adc/CMakeFiles/__idf_esp_adc.dir/adc_monitor.c.obj
[  2%] Building C object esp-idf/esp_adc/CMakeFiles/__idf_esp_adc.dir/adc_filter.c.obj
[  2%] Building C object esp-idf/esp_adc/CMakeFiles/__idf_esp_adc.dir/adc_common.c.obj
[  2%] Building C object esp-idf/esp_adc/CMakeFiles/__idf_esp_adc.dir/gdma/adc_dma.c.obj
[  2%] Building C object esp-idf/esp_adc/CMakeFiles/__idf_esp_adc.dir/esp32s3/curve_fitting_coefficients.c.obj
[  2%] Building C object esp-idf/esp_adc/CMakeFiles/__idf_esp_adc.dir/deprecated/esp32s3/esp_adc_cal_legacy.c.obj
[  2%] Linking C static library libesp_adc.a
-- Building ESP-IDF components for target esp32s3
[  2%] Built target __idf_esp_adc
[  2%] Building C object esp-idf/esp-tls/CMakeFiles/__idf_esp-tls.dir/esp_tls_platform_port.c.obj
[  2%] Building C object esp-idf/esp-tls/CMakeFiles/__idf_esp-tls.dir/esp_tls_mbedtls.c.obj
[  3%] Building C object esp-idf/esp-tls/CMakeFiles/__idf_esp-tls.dir/esp_tls.c.obj
[  3%] Building C object esp-idf/esp-tls/CMakeFiles/__idf_esp-tls.dir/esp_tls_error_capture.c.obj
[  3%] Building C object esp-idf/esp-tls/CMakeFiles/__idf_esp-tls.dir/esp-tls-crypto/esp_tls_crypto.c.obj
[  3%] Linking C static library libesp-tls.a
[  3%] Built target __idf_esp-tls
[  3%] Building C object esp-idf/http_parser/CMakeFiles/__idf_http_parser.dir/http_parser.c.obj
-- Project sdkconfig file /Users/light/dev/web-apps/aligned-tools/hardware/watcher-firmware/examples/aligned-realtime/sdkconfig
-- Compiler supported targets: xtensa-esp-elf
[  3%] Linking C static library libhttp_parser.a
[  3%] Built target __idf_http_parser
-- Adding linker script /Users/light/esp/esp-idf-v5.4.3/components/soc/esp32s3/ld/esp32s3.peripherals.ld
-- Bootloader project name: "bootloader" version: 1
-- Adding linker script /Users/light/esp/esp-idf-v5.4.3/components/esp_rom/esp32s3/ld/esp32s3.rom.ld
-- Adding linker script /Users/light/esp/esp-idf-v5.4.3/components/esp_rom/esp32s3/ld/esp32s3.rom.api.ld
-- Adding linker script /Users/light/esp/esp-idf-v5.4.3/components/esp_rom/esp32s3/ld/esp32s3.rom.bt_funcs.ld
-- Adding linker script /Users/light/esp/esp-idf-v5.4.3/components/esp_rom/esp32s3/ld/esp32s3.rom.libgcc.ld
-- Adding linker script /Users/light/esp/esp-idf-v5.4.3/components/esp_rom/esp32s3/ld/esp32s3.rom.wdt.ld
-- Adding linker script /Users/light/esp/esp-idf-v5.4.3/components/esp_rom/esp32s3/ld/esp32s3.rom.version.ld
-- Adding linker script /Users/light/esp/esp-idf-v5.4.3/components/esp_rom/esp32s3/ld/esp32s3.rom.newlib.ld
-- Adding linker script /Users/light/esp/esp-idf-v5.4.3/components/bootloader/subproject/main/ld/esp32s3/bootloader.ld
-- Adding linker script /Users/light/esp/esp-idf-v5.4.3/components/bootloader/subproject/main/ld/esp32s3/bootloader.rom.ld
[  3%] Building C object esp-idf/esp_gdbstub/CMakeFiles/__idf_esp_gdbstub.dir/src/gdbstub.c.obj
[  3%] Building C object esp-idf/esp_gdbstub/CMakeFiles/__idf_esp_gdbstub.dir/src/packet.c.obj
[  3%] Building C object esp-idf/esp_gdbstub/CMakeFiles/__idf_esp_gdbstub.dir/src/port/xtensa/gdbstub_xtensa.c.obj
[  3%] Building C object esp-idf/esp_gdbstub/CMakeFiles/__idf_esp_gdbstub.dir/src/gdbstub_transport.c.obj
[  3%] Building ASM object esp-idf/esp_gdbstub/CMakeFiles/__idf_esp_gdbstub.dir/src/port/xtensa/xt_debugexception.S.obj
[  3%] Building ASM object esp-idf/esp_gdbstub/CMakeFiles/__idf_esp_gdbstub.dir/src/port/xtensa/gdbstub-entry.S.obj
-- Components: bootloader bootloader_support efuse esp_app_format esp_bootloader_format esp_common esp_hw_support esp_rom esp_security esp_system esptool_py freertos hal log main micro-ecc newlib partition_table soc spi_flash xtensa
-- Component paths: /Users/light/esp/esp-idf-v5.4.3/components/bootloader /Users/light/esp/esp-idf-v5.4.3/components/bootloader_support /Users/light/esp/esp-idf-v5.4.3/components/efuse /Users/light/esp/esp-idf-v5.4.3/components/esp_app_format /Users/light/esp/esp-idf-v5.4.3/components/esp_bootloader_format /Users/light/esp/esp-idf-v5.4.3/components/esp_common /Users/light/esp/esp-idf-v5.4.3/components/esp_hw_support /Users/light/esp/esp-idf-v5.4.3/components/esp_rom /Users/light/esp/esp-idf-v5.4.3/components/esp_security /Users/light/esp/esp-idf-v5.4.3/components/esp_system /Users/light/esp/esp-idf-v5.4.3/components/esptool_py /Users/light/esp/esp-idf-v5.4.3/components/freertos /Users/light/esp/esp-idf-v5.4.3/components/hal /Users/light/esp/esp-idf-v5.4.3/components/log /Users/light/esp/esp-idf-v5.4.3/components/bootloader/subproject/main /Users/light/esp/esp-idf-v5.4.3/components/bootloader/subproject/components/micro-ecc /Users/light/esp/esp-idf-v5.4.3/components/newlib /Users/light/esp/esp-idf-v5.4.3/components/partition_table /Users/light/esp/esp-idf-v5.4.3/components/soc /Users/light/esp/esp-idf-v5.4.3/components/spi_flash /Users/light/esp/esp-idf-v5.4.3/components/xtensa
-- Configuring done (2.2s)
[  3%] Linking C static library libesp_gdbstub.a
-- Generating done (0.1s)
-- Build files have been written to: /Users/light/dev/web-apps/aligned-tools/hardware/watcher-firmware/examples/aligned-realtime/build/bootloader
[  4%] Performing build step for 'bootloader'
[  4%] Built target __idf_esp_gdbstub
[  4%] Building C object esp-idf/esp_wifi/CMakeFiles/__idf_esp_wifi.dir/src/lib_printf.c.obj
[  4%] Building C object esp-idf/esp_wifi/CMakeFiles/__idf_esp_wifi.dir/src/smartconfig.c.obj
[  4%] Building C object esp-idf/esp_wifi/CMakeFiles/__idf_esp_wifi.dir/src/wifi_default.c.obj
[  4%] Building C object esp-idf/esp_wifi/CMakeFiles/__idf_esp_wifi.dir/src/wifi_init.c.obj
[  4%] Building C object esp-idf/esp_wifi/CMakeFiles/__idf_esp_wifi.dir/src/mesh_event.c.obj
[  4%] Building C object esp-idf/esp_wifi/CMakeFiles/__idf_esp_wifi.dir/src/smartconfig_ack.c.obj
[  5%] Building C object esp-idf/esp_wifi/CMakeFiles/__idf_esp_wifi.dir/src/wifi_netif.c.obj
[  5%] Building C object esp-idf/esp_wifi/CMakeFiles/__idf_esp_wifi.dir/src/wifi_default_ap.c.obj
[  5%] Building C object esp-idf/esp_wifi/CMakeFiles/__idf_esp_wifi.dir/esp32s3/esp_adapter.c.obj
[  1%] Generating project_elf_src_esp32s3.c
[  2%] Building C object esp-idf/log/CMakeFiles/__idf_log.dir/src/noos/log_lock.c.obj
[  3%] Building C object esp-idf/log/CMakeFiles/__idf_log.dir/src/log_timestamp_common.c.obj
[  4%] Building C object esp-idf/log/CMakeFiles/__idf_log.dir/src/noos/log_timestamp.c.obj
[  4%] Built target _project_elf_src
[  5%] Linking C static library liblog.a
[  5%] Built target __idf_log
[  6%] Building C object esp-idf/esp_rom/CMakeFiles/__idf_esp_rom.dir/patches/esp_rom_gpio.c.obj
[  7%] Building C object esp-idf/esp_rom/CMakeFiles/__idf_esp_rom.dir/patches/esp_rom_spiflash.c.obj
[  7%] Building C object esp-idf/esp_rom/CMakeFiles/__idf_esp_rom.dir/patches/esp_rom_crc.c.obj
[  9%] Building C object esp-idf/esp_rom/CMakeFiles/__idf_esp_rom.dir/patches/esp_rom_uart.c.obj
[  9%] Building ASM object esp-idf/esp_rom/CMakeFiles/__idf_esp_rom.dir/patches/esp_rom_longjmp.S.obj
[ 11%] Building C object esp-idf/esp_rom/CMakeFiles/__idf_esp_rom.dir/patches/esp_rom_efuse.c.obj
[ 11%] Building C object esp-idf/esp_rom/CMakeFiles/__idf_esp_rom.dir/patches/esp_rom_print.c.obj
[ 12%] Building C object esp-idf/esp_rom/CMakeFiles/__idf_esp_rom.dir/patches/esp_rom_cache_esp32s2_esp32s3.c.obj
[ 13%] Building C object esp-idf/esp_rom/CMakeFiles/__idf_esp_rom.dir/patches/esp_rom_wdt.c.obj
[ 14%] Building C object esp-idf/esp_rom/CMakeFiles/__idf_esp_rom.dir/patches/esp_rom_systimer.c.obj
[ 14%] Building C object esp-idf/esp_rom/CMakeFiles/__idf_esp_rom.dir/patches/esp_rom_sys.c.obj
[ 15%] Building ASM object esp-idf/esp_rom/CMakeFiles/__idf_esp_rom.dir/patches/esp_rom_cache_writeback_esp32s3.S.obj
[  5%] Linking C static library libesp_wifi.a
[  5%] Built target __idf_esp_wifi
[  5%] Building C object esp-idf/esp_coex/CMakeFiles/__idf_esp_coex.dir/src/coexist_debug.c.obj
[  5%] Building C object esp-idf/esp_coex/CMakeFiles/__idf_esp_coex.dir/src/coexist_debug_diagram.c.obj
[  5%] Building C object esp-idf/esp_coex/CMakeFiles/__idf_esp_coex.dir/esp32s3/esp_coex_adapter.c.obj
[ 16%] Linking C static library libesp_rom.a
[ 16%] Built target __idf_esp_rom
[  5%] Linking C static library libesp_coex.a
[ 17%] Building C object esp-idf/esp_common/CMakeFiles/__idf_esp_common.dir/src/esp_err_to_name.c.obj
[  5%] Built target __idf_esp_coex
[ 18%] Linking C static library libesp_common.a
[  5%] Building C object esp-idf/wpa_supplicant/CMakeFiles/__idf_wpa_supplicant.dir/port/os_xtensa.c.obj
[  5%] Building C object esp-idf/wpa_supplicant/CMakeFiles/__idf_wpa_supplicant.dir/port/eloop.c.obj
[  6%] Building C object esp-idf/wpa_supplicant/CMakeFiles/__idf_wpa_supplicant.dir/src/ap/ap_config.c.obj
[  6%] Building C object esp-idf/wpa_supplicant/CMakeFiles/__idf_wpa_supplicant.dir/src/ap/sta_info.c.obj
[  6%] Building C object esp-idf/wpa_supplicant/CMakeFiles/__idf_wpa_supplicant.dir/src/ap/ieee802_1x.c.obj
[  6%] Building C object esp-idf/wpa_supplicant/CMakeFiles/__idf_wpa_supplicant.dir/src/ap/wpa_auth.c.obj
[  6%] Building C object esp-idf/wpa_supplicant/CMakeFiles/__idf_wpa_supplicant.dir/src/ap/ieee802_11.c.obj
[  6%] Building C object esp-idf/wpa_supplicant/CMakeFiles/__idf_wpa_supplicant.dir/src/ap/comeback_token.c.obj
[  6%] Building C object esp-idf/wpa_supplicant/CMakeFiles/__idf_wpa_supplicant.dir/src/ap/wpa_auth_ie.c.obj
[  6%] Building C object esp-idf/wpa_supplicant/CMakeFiles/__idf_wpa_supplicant.dir/src/common/wpa_common.c.obj
[  6%] Building C object esp-idf/wpa_supplicant/CMakeFiles/__idf_wpa_supplicant.dir/src/ap/pmksa_cache_auth.c.obj
[  6%] Building C object esp-idf/wpa_supplicant/CMakeFiles/__idf_wpa_supplicant.dir/src/common/sae.c.obj
[  6%] Building C object esp-idf/wpa_supplicant/CMakeFiles/__idf_wpa_supplicant.dir/src/crypto/aes-siv.c.obj
[  6%] Building C object esp-idf/wpa_supplicant/CMakeFiles/__idf_wpa_supplicant.dir/src/common/dragonfly.c.obj
[  6%] Building C object esp-idf/wpa_supplicant/CMakeFiles/__idf_wpa_supplicant.dir/src/utils/bitfield.c.obj
[ 18%] Built target __idf_esp_common
[ 18%] Building C object esp-idf/esp_hw_support/CMakeFiles/__idf_esp_hw_support.dir/cpu.c.obj
[ 19%] Building C object esp-idf/esp_hw_support/CMakeFiles/__idf_esp_hw_support.dir/port/esp32s3/esp_cpu_intr.c.obj
[  6%] Building C object esp-idf/wpa_supplicant/CMakeFiles/__idf_wpa_supplicant.dir/src/crypto/sha256-kdf.c.obj
[  6%] Building C object esp-idf/wpa_supplicant/CMakeFiles/__idf_wpa_supplicant.dir/src/crypto/ccmp.c.obj
[ 20%] Building C object esp-idf/esp_hw_support/CMakeFiles/__idf_esp_hw_support.dir/esp_memory_utils.c.obj
[  6%] Building C object esp-idf/wpa_supplicant/CMakeFiles/__idf_wpa_supplicant.dir/src/crypto/aes-gcm.c.obj
[  6%] Building C object esp-idf/wpa_supplicant/CMakeFiles/__idf_wpa_supplicant.dir/src/crypto/crypto_ops.c.obj
[  6%] Building C object esp-idf/wpa_supplicant/CMakeFiles/__idf_wpa_supplicant.dir/src/crypto/dh_groups.c.obj
[  6%] Building C object esp-idf/wpa_supplicant/CMakeFiles/__idf_wpa_supplicant.dir/src/crypto/dh_group5.c.obj
[ 21%] Building C object esp-idf/esp_hw_support/CMakeFiles/__idf_esp_hw_support.dir/port/esp32s3/cpu_region_protect.c.obj
[  7%] Building C object esp-idf/wpa_supplicant/CMakeFiles/__idf_wpa_supplicant.dir/src/crypto/sha1-tlsprf.c.obj
[  7%] Building C object esp-idf/wpa_supplicant/CMakeFiles/__idf_wpa_supplicant.dir/src/crypto/ms_funcs.c.obj
[  7%] Building C object esp-idf/wpa_supplicant/CMakeFiles/__idf_wpa_supplicant.dir/src/crypto/sha256-tlsprf.c.obj
[ 22%] Building C object esp-idf/esp_hw_support/CMakeFiles/__idf_esp_hw_support.dir/port/esp32s3/rtc_clk.c.obj
[  7%] Building C object esp-idf/wpa_supplicant/CMakeFiles/__idf_wpa_supplicant.dir/src/crypto/sha384-tlsprf.c.obj
[ 23%] Building C object esp-idf/esp_hw_support/CMakeFiles/__idf_esp_hw_support.dir/port/esp32s3/rtc_clk_init.c.obj
[ 23%] Building C object esp-idf/esp_hw_support/CMakeFiles/__idf_esp_hw_support.dir/port/esp32s3/rtc_init.c.obj
[  7%] Building C object esp-idf/wpa_supplicant/CMakeFiles/__idf_wpa_supplicant.dir/src/crypto/sha256-prf.c.obj
[  7%] Building C object esp-idf/wpa_supplicant/CMakeFiles/__idf_wpa_supplicant.dir/src/crypto/sha1-prf.c.obj
[  7%] Building C object esp-idf/wpa_supplicant/CMakeFiles/__idf_wpa_supplicant.dir/src/crypto/sha384-prf.c.obj
[  7%] Building C object esp-idf/wpa_supplicant/CMakeFiles/__idf_wpa_supplicant.dir/src/crypto/md4-internal.c.obj
[  7%] Building C object esp-idf/wpa_supplicant/CMakeFiles/__idf_wpa_supplicant.dir/src/crypto/sha1-tprf.c.obj
[  7%] Building C object esp-idf/wpa_supplicant/CMakeFiles/__idf_wpa_supplicant.dir/src/eap_common/eap_wsc_common.c.obj
[  7%] Building C object esp-idf/wpa_supplicant/CMakeFiles/__idf_wpa_supplicant.dir/src/common/ieee802_11_common.c.obj
[  7%] Building C object esp-idf/wpa_supplicant/CMakeFiles/__idf_wpa_supplicant.dir/src/eap_peer/chap.c.obj
[  7%] Building C object esp-idf/wpa_supplicant/CMakeFiles/__idf_wpa_supplicant.dir/src/eap_peer/eap.c.obj
[  7%] Building C object esp-idf/wpa_supplicant/CMakeFiles/__idf_wpa_supplicant.dir/src/eap_peer/eap_mschapv2.c.obj
[  7%] Building C object esp-idf/wpa_supplicant/CMakeFiles/__idf_wpa_supplicant.dir/src/eap_peer/eap_common.c.obj
[ 24%] Building C object esp-idf/esp_hw_support/CMakeFiles/__idf_esp_hw_support.dir/port/esp32s3/rtc_sleep.c.obj
[ 25%] Building C object esp-idf/esp_hw_support/CMakeFiles/__idf_esp_hw_support.dir/port/esp32s3/rtc_time.c.obj
[  7%] Building C object esp-idf/wpa_supplicant/CMakeFiles/__idf_wpa_supplicant.dir/src/eap_peer/eap_peap.c.obj
[  7%] Building C object esp-idf/wpa_supplicant/CMakeFiles/__idf_wpa_supplicant.dir/src/eap_peer/eap_peap_common.c.obj
[  7%] Building C object esp-idf/wpa_supplicant/CMakeFiles/__idf_wpa_supplicant.dir/src/eap_peer/eap_tls.c.obj
[  7%] Building C object esp-idf/wpa_supplicant/CMakeFiles/__idf_wpa_supplicant.dir/src/eap_peer/eap_tls_common.c.obj
[  7%] Building C object esp-idf/wpa_supplicant/CMakeFiles/__idf_wpa_supplicant.dir/src/eap_peer/eap_ttls.c.obj
[ 26%] Building C object esp-idf/esp_hw_support/CMakeFiles/__idf_esp_hw_support.dir/port/esp32s3/chip_info.c.obj
[  8%] Building C object esp-idf/wpa_supplicant/CMakeFiles/__idf_wpa_supplicant.dir/src/eap_peer/mschapv2.c.obj
[  8%] Building C object esp-idf/wpa_supplicant/CMakeFiles/__idf_wpa_supplicant.dir/src/eap_peer/eap_fast.c.obj
[  8%] Building C object esp-idf/wpa_supplicant/CMakeFiles/__idf_wpa_supplicant.dir/src/eap_peer/eap_fast_common.c.obj
[  8%] Building C object esp-idf/wpa_supplicant/CMakeFiles/__idf_wpa_supplicant.dir/src/eap_peer/eap_fast_pac.c.obj
[  8%] Building C object esp-idf/wpa_supplicant/CMakeFiles/__idf_wpa_supplicant.dir/src/rsn_supp/wpa.c.obj
[  8%] Building C object esp-idf/wpa_supplicant/CMakeFiles/__idf_wpa_supplicant.dir/src/rsn_supp/pmksa_cache.c.obj
[  8%] Building C object esp-idf/wpa_supplicant/CMakeFiles/__idf_wpa_supplicant.dir/src/rsn_supp/wpa_ie.c.obj
[ 27%] Linking C static library libesp_hw_support.a
[  8%] Building C object esp-idf/wpa_supplicant/CMakeFiles/__idf_wpa_supplicant.dir/src/utils/base64.c.obj
[  8%] Building C object esp-idf/wpa_supplicant/CMakeFiles/__idf_wpa_supplicant.dir/src/utils/common.c.obj
[  8%] Building C object esp-idf/wpa_supplicant/CMakeFiles/__idf_wpa_supplicant.dir/src/utils/ext_password.c.obj
[  8%] Building C object esp-idf/wpa_supplicant/CMakeFiles/__idf_wpa_supplicant.dir/src/utils/wpabuf.c.obj
[  8%] Building C object esp-idf/wpa_supplicant/CMakeFiles/__idf_wpa_supplicant.dir/src/utils/uuid.c.obj
[ 27%] Built target __idf_esp_hw_support
[  8%] Building C object esp-idf/wpa_supplicant/CMakeFiles/__idf_wpa_supplicant.dir/src/utils/wpa_debug.c.obj
[  8%] Building C object esp-idf/wpa_supplicant/CMakeFiles/__idf_wpa_supplicant.dir/src/utils/json.c.obj
[ 28%] Building C object esp-idf/esp_system/CMakeFiles/__idf_esp_system.dir/esp_err.c.obj
[  8%] Building C object esp-idf/wpa_supplicant/CMakeFiles/__idf_wpa_supplicant.dir/src/wps/wps.c.obj
[  8%] Building C object esp-idf/wpa_supplicant/CMakeFiles/__idf_wpa_supplicant.dir/src/wps/wps_attr_parse.c.obj
[  8%] Building C object esp-idf/wpa_supplicant/CMakeFiles/__idf_wpa_supplicant.dir/src/wps/wps_attr_build.c.obj
[  8%] Building C object esp-idf/wpa_supplicant/CMakeFiles/__idf_wpa_supplicant.dir/src/wps/wps_attr_process.c.obj
[ 28%] Linking C static library libesp_system.a
[  8%] Building C object esp-idf/wpa_supplicant/CMakeFiles/__idf_wpa_supplicant.dir/src/wps/wps_common.c.obj
[  8%] Building C object esp-idf/wpa_supplicant/CMakeFiles/__idf_wpa_supplicant.dir/src/wps/wps_enrollee.c.obj
[  9%] Building C object esp-idf/wpa_supplicant/CMakeFiles/__idf_wpa_supplicant.dir/src/wps/wps_dev_attr.c.obj
[  9%] Building C object esp-idf/wpa_supplicant/CMakeFiles/__idf_wpa_supplicant.dir/src/common/sae_pk.c.obj
[  9%] Building C object esp-idf/wpa_supplicant/CMakeFiles/__idf_wpa_supplicant.dir/esp_supplicant/src/esp_eap_client.c.obj
[  9%] Building C object esp-idf/wpa_supplicant/CMakeFiles/__idf_wpa_supplicant.dir/esp_supplicant/src/esp_wpa_main.c.obj
[  9%] Building C object esp-idf/wpa_supplicant/CMakeFiles/__idf_wpa_supplicant.dir/esp_supplicant/src/esp_wpa2_api_port.c.obj
[  9%] Building C object esp-idf/wpa_supplicant/CMakeFiles/__idf_wpa_supplicant.dir/esp_supplicant/src/esp_wpas_glue.c.obj
[ 28%] Built target __idf_esp_system
[ 29%] Building C object esp-idf/efuse/CMakeFiles/__idf_efuse.dir/esp32s3/esp_efuse_table.c.obj
[  9%] Building C object esp-idf/wpa_supplicant/CMakeFiles/__idf_wpa_supplicant.dir/esp_supplicant/src/esp_common.c.obj
[  9%] Building C object esp-idf/wpa_supplicant/CMakeFiles/__idf_wpa_supplicant.dir/esp_supplicant/src/esp_wps.c.obj
[ 29%] Building C object esp-idf/efuse/CMakeFiles/__idf_efuse.dir/esp32s3/esp_efuse_fields.c.obj
[  9%] Building C object esp-idf/wpa_supplicant/CMakeFiles/__idf_wpa_supplicant.dir/esp_supplicant/src/esp_wpa3.c.obj
[  9%] Building C object esp-idf/wpa_supplicant/CMakeFiles/__idf_wpa_supplicant.dir/esp_supplicant/src/esp_hostap.c.obj
[  9%] Building C object esp-idf/wpa_supplicant/CMakeFiles/__idf_wpa_supplicant.dir/esp_supplicant/src/esp_owe.c.obj
[  9%] Building C object esp-idf/wpa_supplicant/CMakeFiles/__idf_wpa_supplicant.dir/esp_supplicant/src/crypto/crypto_mbedtls.c.obj
[  9%] Building C object esp-idf/wpa_supplicant/CMakeFiles/__idf_wpa_supplicant.dir/esp_supplicant/src/crypto/tls_mbedtls.c.obj
[  9%] Building C object esp-idf/wpa_supplicant/CMakeFiles/__idf_wpa_supplicant.dir/esp_supplicant/src/crypto/crypto_mbedtls-bignum.c.obj
[  9%] Building C object esp-idf/wpa_supplicant/CMakeFiles/__idf_wpa_supplicant.dir/esp_supplicant/src/crypto/crypto_mbedtls-rsa.c.obj
[  9%] Building C object esp-idf/wpa_supplicant/CMakeFiles/__idf_wpa_supplicant.dir/esp_supplicant/src/crypto/crypto_mbedtls-ec.c.obj
[ 30%] Building C object esp-idf/efuse/CMakeFiles/__idf_efuse.dir/esp32s3/esp_efuse_rtc_calib.c.obj
[  9%] Building C object esp-idf/wpa_supplicant/CMakeFiles/__idf_wpa_supplicant.dir/esp_supplicant/src/crypto/fastpsk.c.obj
[ 31%] Building C object esp-idf/efuse/CMakeFiles/__idf_efuse.dir/esp32s3/esp_efuse_utility.c.obj
[  9%] Building C object esp-idf/wpa_supplicant/CMakeFiles/__idf_wpa_supplicant.dir/src/crypto/rc4.c.obj
[ 32%] Building C object esp-idf/efuse/CMakeFiles/__idf_efuse.dir/src/esp_efuse_api.c.obj
[  9%] Building C object esp-idf/wpa_supplicant/CMakeFiles/__idf_wpa_supplicant.dir/src/crypto/des-internal.c.obj
[ 34%] Building C object esp-idf/efuse/CMakeFiles/__idf_efuse.dir/src/esp_efuse_fields.c.obj
[ 10%] Building C object esp-idf/wpa_supplicant/CMakeFiles/__idf_wpa_supplicant.dir/esp_supplicant/src/crypto/fastpbkdf2.c.obj
[ 35%] Building C object esp-idf/efuse/CMakeFiles/__idf_efuse.dir/src/esp_efuse_utility.c.obj
[ 10%] Building C object esp-idf/wpa_supplicant/CMakeFiles/__idf_wpa_supplicant.dir/src/crypto/aes-wrap.c.obj
[ 35%] Building C object esp-idf/efuse/CMakeFiles/__idf_efuse.dir/src/efuse_controller/keys/with_key_purposes/esp_efuse_api_key.c.obj
[ 10%] Building C object esp-idf/wpa_supplicant/CMakeFiles/__idf_wpa_supplicant.dir/src/crypto/aes-unwrap.c.obj
[ 10%] Building C object esp-idf/wpa_supplicant/CMakeFiles/__idf_wpa_supplicant.dir/src/crypto/aes-ccm.c.obj
[ 36%] Linking C static library libefuse.a
[ 10%] Linking C static library libwpa_supplicant.a
[ 36%] Built target __idf_efuse
[ 36%] Building C object esp-idf/bootloader_support/CMakeFiles/__idf_bootloader_support.dir/src/bootloader_common.c.obj
[ 39%] Building C object esp-idf/bootloader_support/CMakeFiles/__idf_bootloader_support.dir/src/bootloader_clock_init.c.obj
[ 39%] Building C object esp-idf/bootloader_support/CMakeFiles/__idf_bootloader_support.dir/src/bootloader_common_loader.c.obj
[ 39%] Building C object esp-idf/bootloader_support/CMakeFiles/__idf_bootloader_support.dir/src/bootloader_efuse.c.obj
[ 40%] Building C object esp-idf/bootloader_support/CMakeFiles/__idf_bootloader_support.dir/src/bootloader_mem.c.obj
[ 41%] Building C object esp-idf/bootloader_support/CMakeFiles/__idf_bootloader_support.dir/bootloader_flash/src/flash_qio_mode.c.obj
[ 43%] Building C object esp-idf/bootloader_support/CMakeFiles/__idf_bootloader_support.dir/bootloader_flash/src/bootloader_flash.c.obj
[ 43%] Building C object esp-idf/bootloader_support/CMakeFiles/__idf_bootloader_support.dir/src/secure_boot.c.obj
[ 44%] Building C object esp-idf/bootloader_support/CMakeFiles/__idf_bootloader_support.dir/src/bootloader_random.c.obj
[ 44%] Building C object esp-idf/bootloader_support/CMakeFiles/__idf_bootloader_support.dir/src/flash_encrypt.c.obj
[ 45%] Building C object esp-idf/bootloader_support/CMakeFiles/__idf_bootloader_support.dir/bootloader_flash/src/bootloader_flash_config_esp32s3.c.obj
[ 45%] Building C object esp-idf/bootloader_support/CMakeFiles/__idf_bootloader_support.dir/src/bootloader_utility.c.obj
[ 46%] Building C object esp-idf/bootloader_support/CMakeFiles/__idf_bootloader_support.dir/src/flash_partitions.c.obj
[ 48%] Building C object esp-idf/bootloader_support/CMakeFiles/__idf_bootloader_support.dir/src/bootloader_random_esp32s3.c.obj
[ 48%] Building C object esp-idf/bootloader_support/CMakeFiles/__idf_bootloader_support.dir/src/esp_image_format.c.obj
[ 49%] Building C object esp-idf/bootloader_support/CMakeFiles/__idf_bootloader_support.dir/src/bootloader_init.c.obj
[ 50%] Building C object esp-idf/bootloader_support/CMakeFiles/__idf_bootloader_support.dir/src/bootloader_clock_loader.c.obj
[ 51%] Building C object esp-idf/bootloader_support/CMakeFiles/__idf_bootloader_support.dir/src/bootloader_console.c.obj
[ 51%] Building C object esp-idf/bootloader_support/CMakeFiles/__idf_bootloader_support.dir/src/bootloader_console_loader.c.obj
[ 53%] Building C object esp-idf/bootloader_support/CMakeFiles/__idf_bootloader_support.dir/src/esp32s3/bootloader_sha.c.obj
[ 53%] Building C object esp-idf/bootloader_support/CMakeFiles/__idf_bootloader_support.dir/src/esp32s3/bootloader_esp32s3.c.obj
[ 54%] Building C object esp-idf/bootloader_support/CMakeFiles/__idf_bootloader_support.dir/src/esp32s3/bootloader_soc.c.obj
[ 10%] Built target __idf_wpa_supplicant
[ 55%] Building C object esp-idf/bootloader_support/CMakeFiles/__idf_bootloader_support.dir/src/bootloader_panic.c.obj
[ 10%] Building C object esp-idf/esp_netif/CMakeFiles/__idf_esp_netif.dir/esp_netif_objects.c.obj
[ 10%] Building C object esp-idf/esp_netif/CMakeFiles/__idf_esp_netif.dir/esp_netif_handlers.c.obj
[ 10%] Building C object esp-idf/esp_netif/CMakeFiles/__idf_esp_netif.dir/lwip/esp_netif_lwip.c.obj
[ 10%] Building C object esp-idf/esp_netif/CMakeFiles/__idf_esp_netif.dir/esp_netif_defaults.c.obj
[ 11%] Building C object esp-idf/esp_netif/CMakeFiles/__idf_esp_netif.dir/lwip/esp_netif_sntp.c.obj
[ 11%] Building C object esp-idf/esp_netif/CMakeFiles/__idf_esp_netif.dir/lwip/esp_netif_lwip_defaults.c.obj
[ 11%] Building C object esp-idf/esp_netif/CMakeFiles/__idf_esp_netif.dir/lwip/netif/ethernetif.c.obj
[ 11%] Building C object esp-idf/esp_netif/CMakeFiles/__idf_esp_netif.dir/lwip/netif/wlanif.c.obj
[ 11%] Building C object esp-idf/esp_netif/CMakeFiles/__idf_esp_netif.dir/lwip/netif/esp_pbuf_ref.c.obj
[ 56%] Linking C static library libbootloader_support.a
[ 56%] Built target __idf_bootloader_support
[ 57%] Building C object esp-idf/esp_bootloader_format/CMakeFiles/__idf_esp_bootloader_format.dir/esp_bootloader_desc.c.obj
[ 58%] Linking C static library libesp_bootloader_format.a
[ 58%] Built target __idf_esp_bootloader_format
[ 58%] Building C object esp-idf/spi_flash/CMakeFiles/__idf_spi_flash.dir/spi_flash_wrap.c.obj
[ 59%] Linking C static library libspi_flash.a
[ 59%] Built target __idf_spi_flash
[ 60%] Building C object esp-idf/hal/CMakeFiles/__idf_hal.dir/cache_hal.c.obj
[ 60%] Building C object esp-idf/hal/CMakeFiles/__idf_hal.dir/hal_utils.c.obj
[ 64%] Building C object esp-idf/hal/CMakeFiles/__idf_hal.dir/mmu_hal.c.obj
[ 64%] Building C object esp-idf/hal/CMakeFiles/__idf_hal.dir/mpu_hal.c.obj
[ 64%] Building C object esp-idf/hal/CMakeFiles/__idf_hal.dir/esp32s3/efuse_hal.c.obj
[ 64%] Building C object esp-idf/hal/CMakeFiles/__idf_hal.dir/efuse_hal.c.obj
[ 11%] Linking C static library libesp_netif.a
[ 65%] Linking C static library libhal.a
[ 11%] Built target __idf_esp_netif
[ 11%] Building C object esp-idf/lwip/CMakeFiles/__idf_lwip.dir/apps/sntp/sntp.c.obj
[ 11%] Building C object esp-idf/lwip/CMakeFiles/__idf_lwip.dir/lwip/src/api/err.c.obj
[ 12%] Building C object esp-idf/lwip/CMakeFiles/__idf_lwip.dir/lwip/src/api/api_msg.c.obj
[ 12%] Building C object esp-idf/lwip/CMakeFiles/__idf_lwip.dir/lwip/src/api/netdb.c.obj
[ 12%] Building C object esp-idf/lwip/CMakeFiles/__idf_lwip.dir/lwip/src/api/netbuf.c.obj
[ 12%] Building C object esp-idf/lwip/CMakeFiles/__idf_lwip.dir/lwip/src/api/sockets.c.obj
[ 12%] Building C object esp-idf/lwip/CMakeFiles/__idf_lwip.dir/lwip/src/api/netifapi.c.obj
[ 12%] Building C object esp-idf/lwip/CMakeFiles/__idf_lwip.dir/lwip/src/api/api_lib.c.obj
[ 12%] Building C object esp-idf/lwip/CMakeFiles/__idf_lwip.dir/lwip/src/core/dns.c.obj
[ 12%] Building C object esp-idf/lwip/CMakeFiles/__idf_lwip.dir/lwip/src/core/def.c.obj
[ 12%] Building C object esp-idf/lwip/CMakeFiles/__idf_lwip.dir/lwip/src/api/if_api.c.obj
[ 12%] Building C object esp-idf/lwip/CMakeFiles/__idf_lwip.dir/lwip/src/apps/sntp/sntp.c.obj
[ 12%] Building C object esp-idf/lwip/CMakeFiles/__idf_lwip.dir/lwip/src/api/tcpip.c.obj
[ 12%] Building C object esp-idf/lwip/CMakeFiles/__idf_lwip.dir/lwip/src/core/inet_chksum.c.obj
[ 12%] Building C object esp-idf/lwip/CMakeFiles/__idf_lwip.dir/lwip/src/apps/netbiosns/netbiosns.c.obj
[ 65%] Built target __idf_hal
[ 67%] Building C object esp-idf/micro-ecc/CMakeFiles/__idf_micro-ecc.dir/uECC_verify_antifault.c.obj
[ 12%] Building C object esp-idf/lwip/CMakeFiles/__idf_lwip.dir/lwip/src/core/init.c.obj
[ 12%] Building C object esp-idf/lwip/CMakeFiles/__idf_lwip.dir/lwip/src/core/ip.c.obj
[ 12%] Building C object esp-idf/lwip/CMakeFiles/__idf_lwip.dir/lwip/src/core/mem.c.obj
[ 12%] Building C object esp-idf/lwip/CMakeFiles/__idf_lwip.dir/lwip/src/core/memp.c.obj
[ 12%] Building C object esp-idf/lwip/CMakeFiles/__idf_lwip.dir/lwip/src/core/netif.c.obj
[ 12%] Building C object esp-idf/lwip/CMakeFiles/__idf_lwip.dir/lwip/src/core/pbuf.c.obj
[ 12%] Building C object esp-idf/lwip/CMakeFiles/__idf_lwip.dir/lwip/src/core/raw.c.obj
[ 13%] Building C object esp-idf/lwip/CMakeFiles/__idf_lwip.dir/lwip/src/core/stats.c.obj
[ 13%] Building C object esp-idf/lwip/CMakeFiles/__idf_lwip.dir/lwip/src/core/sys.c.obj
[ 13%] Building C object esp-idf/lwip/CMakeFiles/__idf_lwip.dir/lwip/src/core/tcp.c.obj
[ 13%] Building C object esp-idf/lwip/CMakeFiles/__idf_lwip.dir/lwip/src/core/tcp_in.c.obj
[ 13%] Building C object esp-idf/lwip/CMakeFiles/__idf_lwip.dir/lwip/src/core/tcp_out.c.obj
[ 13%] Building C object esp-idf/lwip/CMakeFiles/__idf_lwip.dir/lwip/src/core/timeouts.c.obj
[ 68%] Linking C static library libmicro-ecc.a
[ 13%] Building C object esp-idf/lwip/CMakeFiles/__idf_lwip.dir/lwip/src/core/udp.c.obj
[ 13%] Building C object esp-idf/lwip/CMakeFiles/__idf_lwip.dir/lwip/src/core/ipv4/autoip.c.obj
[ 13%] Building C object esp-idf/lwip/CMakeFiles/__idf_lwip.dir/lwip/src/core/ipv4/dhcp.c.obj
[ 13%] Building C object esp-idf/lwip/CMakeFiles/__idf_lwip.dir/lwip/src/core/ipv4/etharp.c.obj
[ 13%] Building C object esp-idf/lwip/CMakeFiles/__idf_lwip.dir/lwip/src/core/ipv4/icmp.c.obj
[ 13%] Building C object esp-idf/lwip/CMakeFiles/__idf_lwip.dir/lwip/src/core/ipv4/igmp.c.obj
[ 13%] Building C object esp-idf/lwip/CMakeFiles/__idf_lwip.dir/lwip/src/core/ipv4/ip4.c.obj
[ 68%] Built target __idf_micro-ecc
[ 13%] Building C object esp-idf/lwip/CMakeFiles/__idf_lwip.dir/lwip/src/core/ipv4/ip4_napt.c.obj
[ 69%] Building C object esp-idf/soc/CMakeFiles/__idf_soc.dir/lldesc.c.obj
[ 13%] Building C object esp-idf/lwip/CMakeFiles/__idf_lwip.dir/lwip/src/core/ipv4/ip4_addr.c.obj
[ 13%] Building C object esp-idf/lwip/CMakeFiles/__idf_lwip.dir/lwip/src/core/ipv6/dhcp6.c.obj
[ 13%] Building C object esp-idf/lwip/CMakeFiles/__idf_lwip.dir/lwip/src/core/ipv4/ip4_frag.c.obj
[ 13%] Building C object esp-idf/lwip/CMakeFiles/__idf_lwip.dir/lwip/src/core/ipv6/ethip6.c.obj
[ 13%] Building C object esp-idf/lwip/CMakeFiles/__idf_lwip.dir/lwip/src/core/ipv6/icmp6.c.obj
[ 14%] Building C object esp-idf/lwip/CMakeFiles/__idf_lwip.dir/lwip/src/core/ipv6/inet6.c.obj
[ 14%] Building C object esp-idf/lwip/CMakeFiles/__idf_lwip.dir/lwip/src/core/ipv6/ip6.c.obj
[ 70%] Building C object esp-idf/soc/CMakeFiles/__idf_soc.dir/dport_access_common.c.obj
[ 14%] Building C object esp-idf/lwip/CMakeFiles/__idf_lwip.dir/lwip/src/core/ipv6/ip6_frag.c.obj
[ 14%] Building C object esp-idf/lwip/CMakeFiles/__idf_lwip.dir/lwip/src/core/ipv6/ip6_addr.c.obj
[ 14%] Building C object esp-idf/lwip/CMakeFiles/__idf_lwip.dir/lwip/src/core/ipv6/mld6.c.obj
[ 14%] Building C object esp-idf/lwip/CMakeFiles/__idf_lwip.dir/lwip/src/core/ipv6/nd6.c.obj
[ 14%] Building C object esp-idf/lwip/CMakeFiles/__idf_lwip.dir/lwip/src/netif/ethernet.c.obj
[ 14%] Building C object esp-idf/lwip/CMakeFiles/__idf_lwip.dir/lwip/src/netif/bridgeif.c.obj
[ 71%] Building C object esp-idf/soc/CMakeFiles/__idf_soc.dir/esp32s3/interrupts.c.obj
[ 71%] Building C object esp-idf/soc/CMakeFiles/__idf_soc.dir/esp32s3/gpio_periph.c.obj
[ 14%] Building C object esp-idf/lwip/CMakeFiles/__idf_lwip.dir/lwip/src/netif/bridgeif_fdb.c.obj
[ 72%] Building C object esp-idf/soc/CMakeFiles/__idf_soc.dir/esp32s3/uart_periph.c.obj
[ 14%] Building C object esp-idf/lwip/CMakeFiles/__idf_lwip.dir/lwip/src/netif/slipif.c.obj
[ 14%] Building C object esp-idf/lwip/CMakeFiles/__idf_lwip.dir/lwip/src/netif/ppp/auth.c.obj
[ 73%] Building C object esp-idf/soc/CMakeFiles/__idf_soc.dir/esp32s3/adc_periph.c.obj
[ 74%] Building C object esp-idf/soc/CMakeFiles/__idf_soc.dir/esp32s3/dedic_gpio_periph.c.obj
[ 75%] Building C object esp-idf/soc/CMakeFiles/__idf_soc.dir/esp32s3/gdma_periph.c.obj
[ 14%] Building C object esp-idf/lwip/CMakeFiles/__idf_lwip.dir/lwip/src/netif/ppp/ccp.c.obj
[ 14%] Building C object esp-idf/lwip/CMakeFiles/__idf_lwip.dir/lwip/src/netif/ppp/chap-md5.c.obj
[ 76%] Building C object esp-idf/soc/CMakeFiles/__idf_soc.dir/esp32s3/spi_periph.c.obj
[ 76%] Building C object esp-idf/soc/CMakeFiles/__idf_soc.dir/esp32s3/ledc_periph.c.obj
[ 14%] Building C object esp-idf/lwip/CMakeFiles/__idf_lwip.dir/lwip/src/netif/ppp/chap-new.c.obj
[ 78%] Building C object esp-idf/soc/CMakeFiles/__idf_soc.dir/esp32s3/rmt_periph.c.obj
[ 78%] Building C object esp-idf/soc/CMakeFiles/__idf_soc.dir/esp32s3/pcnt_periph.c.obj
[ 14%] Building C object esp-idf/lwip/CMakeFiles/__idf_lwip.dir/lwip/src/netif/ppp/chap_ms.c.obj
[ 14%] Building C object esp-idf/lwip/CMakeFiles/__idf_lwip.dir/lwip/src/netif/ppp/demand.c.obj
[ 14%] Building C object esp-idf/lwip/CMakeFiles/__idf_lwip.dir/lwip/src/netif/ppp/eap.c.obj
[ 79%] Building C object esp-idf/soc/CMakeFiles/__idf_soc.dir/esp32s3/sdm_periph.c.obj
[ 14%] Building C object esp-idf/lwip/CMakeFiles/__idf_lwip.dir/lwip/src/netif/ppp/ecp.c.obj
[ 80%] Building C object esp-idf/soc/CMakeFiles/__idf_soc.dir/esp32s3/i2s_periph.c.obj
[ 14%] Building C object esp-idf/lwip/CMakeFiles/__idf_lwip.dir/lwip/src/netif/ppp/eui64.c.obj
[ 81%] Building C object esp-idf/soc/CMakeFiles/__idf_soc.dir/esp32s3/i2c_periph.c.obj
[ 81%] Building C object esp-idf/soc/CMakeFiles/__idf_soc.dir/esp32s3/temperature_sensor_periph.c.obj
[ 15%] Building C object esp-idf/lwip/CMakeFiles/__idf_lwip.dir/lwip/src/netif/ppp/fsm.c.obj
[ 15%] Building C object esp-idf/lwip/CMakeFiles/__idf_lwip.dir/lwip/src/netif/ppp/ipcp.c.obj
[ 15%] Building C object esp-idf/lwip/CMakeFiles/__idf_lwip.dir/lwip/src/netif/ppp/ipv6cp.c.obj
[ 82%] Building C object esp-idf/soc/CMakeFiles/__idf_soc.dir/esp32s3/timer_periph.c.obj
[ 15%] Building C object esp-idf/lwip/CMakeFiles/__idf_lwip.dir/lwip/src/netif/ppp/lcp.c.obj
[ 15%] Building C object esp-idf/lwip/CMakeFiles/__idf_lwip.dir/lwip/src/netif/ppp/magic.c.obj
[ 83%] Building C object esp-idf/soc/CMakeFiles/__idf_soc.dir/esp32s3/mcpwm_periph.c.obj
[ 84%] Building C object esp-idf/soc/CMakeFiles/__idf_soc.dir/esp32s3/lcd_periph.c.obj
[ 85%] Building C object esp-idf/soc/CMakeFiles/__idf_soc.dir/esp32s3/mpi_periph.c.obj
[ 15%] Building C object esp-idf/lwip/CMakeFiles/__idf_lwip.dir/lwip/src/netif/ppp/mppe.c.obj
[ 15%] Building C object esp-idf/lwip/CMakeFiles/__idf_lwip.dir/lwip/src/netif/ppp/multilink.c.obj
[ 15%] Building C object esp-idf/lwip/CMakeFiles/__idf_lwip.dir/lwip/src/netif/ppp/ppp.c.obj
[ 86%] Building C object esp-idf/soc/CMakeFiles/__idf_soc.dir/esp32s3/sdmmc_periph.c.obj
[ 87%] Building C object esp-idf/soc/CMakeFiles/__idf_soc.dir/esp32s3/touch_sensor_periph.c.obj
[ 15%] Building C object esp-idf/lwip/CMakeFiles/__idf_lwip.dir/lwip/src/netif/ppp/pppapi.c.obj
[ 87%] Building C object esp-idf/soc/CMakeFiles/__idf_soc.dir/esp32s3/twai_periph.c.obj
[ 88%] Building C object esp-idf/soc/CMakeFiles/__idf_soc.dir/esp32s3/wdt_periph.c.obj
[ 15%] Building C object esp-idf/lwip/CMakeFiles/__idf_lwip.dir/lwip/src/netif/ppp/pppcrypt.c.obj
[ 15%] Building C object esp-idf/lwip/CMakeFiles/__idf_lwip.dir/lwip/src/netif/ppp/pppoe.c.obj
[ 89%] Building C object esp-idf/soc/CMakeFiles/__idf_soc.dir/esp32s3/usb_dwc_periph.c.obj
[ 90%] Building C object esp-idf/soc/CMakeFiles/__idf_soc.dir/esp32s3/rtc_io_periph.c.obj
[ 15%] Building C object esp-idf/lwip/CMakeFiles/__idf_lwip.dir/lwip/src/netif/ppp/pppol2tp.c.obj
[ 15%] Building C object esp-idf/lwip/CMakeFiles/__idf_lwip.dir/lwip/src/netif/ppp/upap.c.obj
[ 15%] Building C object esp-idf/lwip/CMakeFiles/__idf_lwip.dir/lwip/src/netif/ppp/pppos.c.obj
[ 91%] Building C object esp-idf/soc/CMakeFiles/__idf_soc.dir/esp32s3/cam_periph.c.obj
[ 15%] Building C object esp-idf/lwip/CMakeFiles/__idf_lwip.dir/lwip/src/netif/ppp/utils.c.obj
[ 15%] Building C object esp-idf/lwip/CMakeFiles/__idf_lwip.dir/lwip/src/netif/ppp/vj.c.obj
[ 15%] Building C object esp-idf/lwip/CMakeFiles/__idf_lwip.dir/port/hooks/tcp_isn_default.c.obj
[ 15%] Building C object esp-idf/lwip/CMakeFiles/__idf_lwip.dir/port/hooks/lwip_default_hooks.c.obj
[ 15%] Building C object esp-idf/lwip/CMakeFiles/__idf_lwip.dir/port/sockets_ext.c.obj
[ 15%] Building C object esp-idf/lwip/CMakeFiles/__idf_lwip.dir/port/debug/lwip_debug.c.obj
[ 16%] Building C object esp-idf/lwip/CMakeFiles/__idf_lwip.dir/port/freertos/sys_arch.c.obj
[ 16%] Building C object esp-idf/lwip/CMakeFiles/__idf_lwip.dir/port/acd_dhcp_check.c.obj
[ 16%] Building C object esp-idf/lwip/CMakeFiles/__idf_lwip.dir/port/esp32xx/vfs_lwip.c.obj
[ 92%] Linking C static library libsoc.a
[ 16%] Building C object esp-idf/lwip/CMakeFiles/__idf_lwip.dir/apps/ping/esp_ping.c.obj
[ 16%] Building C object esp-idf/lwip/CMakeFiles/__idf_lwip.dir/apps/ping/ping.c.obj
[ 16%] Building C object esp-idf/lwip/CMakeFiles/__idf_lwip.dir/apps/ping/ping_sock.c.obj
[ 16%] Building C object esp-idf/lwip/CMakeFiles/__idf_lwip.dir/lwip/src/netif/ppp/polarssl/arc4.c.obj
[ 16%] Building C object esp-idf/lwip/CMakeFiles/__idf_lwip.dir/lwip/src/netif/ppp/polarssl/md4.c.obj
[ 16%] Building C object esp-idf/lwip/CMakeFiles/__idf_lwip.dir/lwip/src/netif/ppp/polarssl/des.c.obj
[ 92%] Built target __idf_soc
[ 16%] Building C object esp-idf/lwip/CMakeFiles/__idf_lwip.dir/lwip/src/netif/ppp/polarssl/md5.c.obj
[ 16%] Building C object esp-idf/lwip/CMakeFiles/__idf_lwip.dir/lwip/src/netif/ppp/polarssl/sha1.c.obj
[ 93%] Building C object esp-idf/xtensa/CMakeFiles/__idf_xtensa.dir/eri.c.obj
[ 16%] Building C object esp-idf/lwip/CMakeFiles/__idf_lwip.dir/apps/dhcpserver/dhcpserver.c.obj
[ 94%] Building C object esp-idf/xtensa/CMakeFiles/__idf_xtensa.dir/xt_trax.c.obj
[ 95%] Linking C static library libxtensa.a
[ 95%] Built target __idf_xtensa
[ 96%] Building C object esp-idf/main/CMakeFiles/__idf_main.dir/bootloader_start.c.obj
[ 96%] Linking C static library libmain.a
[ 16%] Linking C static library liblwip.a
[ 96%] Built target __idf_main
[ 97%] Building C object CMakeFiles/bootloader.elf.dir/project_elf_src_esp32s3.c.obj
[ 98%] Linking C executable bootloader.elf
[ 98%] Built target bootloader.elf
[ 16%] Built target __idf_lwip
[100%] Generating binary image from built executable
[ 16%] Building C object esp-idf/vfs/CMakeFiles/__idf_vfs.dir/vfs_eventfd.c.obj
[ 16%] Building C object esp-idf/vfs/CMakeFiles/__idf_vfs.dir/nullfs.c.obj
[ 16%] Building C object esp-idf/vfs/CMakeFiles/__idf_vfs.dir/vfs.c.obj
[ 16%] Building C object esp-idf/vfs/CMakeFiles/__idf_vfs.dir/vfs_semihost.c.obj
esptool.py v4.10.0
Creating esp32s3 image...
Merged 2 ELF sections
Successfully created esp32s3 image.
Generated /Users/light/dev/web-apps/aligned-tools/hardware/watcher-firmware/examples/aligned-realtime/build/bootloader/bootloader.bin
[100%] Built target gen_project_binary
Bootloader binary size 0x5210 bytes. 0x2df0 bytes (36%) free.
[100%] Built target bootloader_check_size
[100%] Built target app
[ 16%] No install step for 'bootloader'
[ 16%] Completed 'bootloader'
[ 16%] Built target bootloader
[ 16%] Linking C static library libvfs.a
[ 16%] Built target __idf_vfs
[ 16%] Building C object esp-idf/esp_vfs_console/CMakeFiles/__idf_esp_vfs_console.dir/vfs_console.c.obj
[ 16%] Linking C static library libesp_vfs_console.a
[ 16%] Built target __idf_esp_vfs_console
[ 16%] Building C object esp-idf/esp_phy/CMakeFiles/__idf_esp_phy.dir/src/lib_printf.c.obj
[ 16%] Building C object esp-idf/esp_phy/CMakeFiles/__idf_esp_phy.dir/esp32s3/phy_init_data.c.obj
[ 16%] Building C object esp-idf/esp_phy/CMakeFiles/__idf_esp_phy.dir/src/phy_init.c.obj
[ 16%] Building C object esp-idf/esp_phy/CMakeFiles/__idf_esp_phy.dir/src/btbb_init.c.obj
[ 16%] Building C object esp-idf/esp_phy/CMakeFiles/__idf_esp_phy.dir/src/phy_common.c.obj
[ 16%] Building C object esp-idf/esp_phy/CMakeFiles/__idf_esp_phy.dir/src/phy_override.c.obj
[ 16%] Linking C static library libesp_phy.a
[ 16%] Built target __idf_esp_phy
[ 16%] Building C object esp-idf/driver/CMakeFiles/__idf_driver.dir/deprecated/adc_legacy.c.obj
[ 16%] Building C object esp-idf/driver/CMakeFiles/__idf_driver.dir/deprecated/adc_dma_legacy.c.obj
[ 16%] Building C object esp-idf/driver/CMakeFiles/__idf_driver.dir/deprecated/timer_legacy.c.obj
[ 16%] Building C object esp-idf/driver/CMakeFiles/__idf_driver.dir/deprecated/i2s_legacy.c.obj
[ 16%] Building C object esp-idf/driver/CMakeFiles/__idf_driver.dir/i2c/i2c.c.obj
[ 16%] Building C object esp-idf/driver/CMakeFiles/__idf_driver.dir/deprecated/rmt_legacy.c.obj
[ 16%] Building C object esp-idf/driver/CMakeFiles/__idf_driver.dir/deprecated/mcpwm_legacy.c.obj
[ 16%] Building C object esp-idf/driver/CMakeFiles/__idf_driver.dir/deprecated/sigma_delta_legacy.c.obj
[ 16%] Building C object esp-idf/driver/CMakeFiles/__idf_driver.dir/touch_sensor/touch_sensor_common.c.obj
[ 16%] Building C object esp-idf/driver/CMakeFiles/__idf_driver.dir/deprecated/rtc_temperature_legacy.c.obj
[ 16%] Building C object esp-idf/driver/CMakeFiles/__idf_driver.dir/twai/twai.c.obj
[ 16%] Building C object esp-idf/driver/CMakeFiles/__idf_driver.dir/touch_sensor/esp32s3/touch_sensor.c.obj
[ 17%] Building C object esp-idf/driver/CMakeFiles/__idf_driver.dir/deprecated/pcnt_legacy.c.obj
[ 17%] Linking C static library libdriver.a
[ 17%] Built target __idf_driver
[ 17%] Building C object esp-idf/esp_driver_usb_serial_jtag/CMakeFiles/__idf_esp_driver_usb_serial_jtag.dir/src/usb_serial_jtag_connection_monitor.c.obj
[ 17%] Building C object esp-idf/esp_driver_usb_serial_jtag/CMakeFiles/__idf_esp_driver_usb_serial_jtag.dir/src/usb_serial_jtag_vfs.c.obj
[ 17%] Building C object esp-idf/esp_driver_usb_serial_jtag/CMakeFiles/__idf_esp_driver_usb_serial_jtag.dir/src/usb_serial_jtag.c.obj
[ 17%] Linking C static library libesp_driver_usb_serial_jtag.a
[ 17%] Built target __idf_esp_driver_usb_serial_jtag
[ 17%] Building C object esp-idf/esp_driver_ledc/CMakeFiles/__idf_esp_driver_ledc.dir/src/ledc.c.obj
[ 17%] Linking C static library libesp_driver_ledc.a
[ 17%] Built target __idf_esp_driver_ledc
[ 17%] Building C object esp-idf/esp_driver_i2c/CMakeFiles/__idf_esp_driver_i2c.dir/i2c_common.c.obj
[ 17%] Building C object esp-idf/esp_driver_i2c/CMakeFiles/__idf_esp_driver_i2c.dir/i2c_slave.c.obj
[ 17%] Building C object esp-idf/esp_driver_i2c/CMakeFiles/__idf_esp_driver_i2c.dir/i2c_master.c.obj
[ 17%] Linking C static library libesp_driver_i2c.a
[ 17%] Built target __idf_esp_driver_i2c
[ 17%] Building C object esp-idf/esp_driver_sdm/CMakeFiles/__idf_esp_driver_sdm.dir/src/sdm.c.obj
[ 17%] Linking C static library libesp_driver_sdm.a
[ 17%] Built target __idf_esp_driver_sdm
[ 17%] Building C object esp-idf/esp_driver_tsens/CMakeFiles/__idf_esp_driver_tsens.dir/src/temperature_sensor.c.obj
[ 17%] Linking C static library libesp_driver_tsens.a
[ 17%] Built target __idf_esp_driver_tsens
[ 17%] Building C object esp-idf/esp_driver_rmt/CMakeFiles/__idf_esp_driver_rmt.dir/src/rmt_tx.c.obj
[ 17%] Building C object esp-idf/esp_driver_rmt/CMakeFiles/__idf_esp_driver_rmt.dir/src/rmt_common.c.obj
[ 17%] Building C object esp-idf/esp_driver_rmt/CMakeFiles/__idf_esp_driver_rmt.dir/src/rmt_encoder.c.obj
[ 17%] Building C object esp-idf/esp_driver_rmt/CMakeFiles/__idf_esp_driver_rmt.dir/src/rmt_rx.c.obj
[ 17%] Linking C static library libesp_driver_rmt.a
[ 17%] Built target __idf_esp_driver_rmt
[ 17%] Building C object esp-idf/esp_driver_sdspi/CMakeFiles/__idf_esp_driver_sdspi.dir/src/sdspi_transaction.c.obj
[ 17%] Building C object esp-idf/esp_driver_sdspi/CMakeFiles/__idf_esp_driver_sdspi.dir/src/sdspi_crc.c.obj
[ 17%] Building C object esp-idf/esp_driver_sdspi/CMakeFiles/__idf_esp_driver_sdspi.dir/src/sdspi_host.c.obj
[ 18%] Linking C static library libesp_driver_sdspi.a
[ 18%] Built target __idf_esp_driver_sdspi
[ 18%] Building C object esp-idf/esp_driver_sdmmc/CMakeFiles/__idf_esp_driver_sdmmc.dir/src/sdmmc_transaction.c.obj
[ 18%] Building C object esp-idf/esp_driver_sdmmc/CMakeFiles/__idf_esp_driver_sdmmc.dir/src/sdmmc_host.c.obj
[ 18%] Linking C static library libesp_driver_sdmmc.a
[ 18%] Built target __idf_esp_driver_sdmmc
[ 18%] Building C object esp-idf/sdmmc/CMakeFiles/__idf_sdmmc.dir/sdmmc_cmd.c.obj
[ 18%] Building C object esp-idf/sdmmc/CMakeFiles/__idf_sdmmc.dir/sdmmc_io.c.obj
[ 18%] Building C object esp-idf/sdmmc/CMakeFiles/__idf_sdmmc.dir/sdmmc_init.c.obj
[ 18%] Building C object esp-idf/sdmmc/CMakeFiles/__idf_sdmmc.dir/sdmmc_common.c.obj
[ 19%] Building C object esp-idf/sdmmc/CMakeFiles/__idf_sdmmc.dir/sdmmc_mmc.c.obj
[ 19%] Building C object esp-idf/sdmmc/CMakeFiles/__idf_sdmmc.dir/sdmmc_sd.c.obj
[ 19%] Building C object esp-idf/sdmmc/CMakeFiles/__idf_sdmmc.dir/sd_pwr_ctrl/sd_pwr_ctrl.c.obj
[ 19%] Linking C static library libsdmmc.a
[ 19%] Built target __idf_sdmmc
[ 19%] Building C object esp-idf/esp_driver_i2s/CMakeFiles/__idf_esp_driver_i2s.dir/i2s_tdm.c.obj
[ 19%] Building C object esp-idf/esp_driver_i2s/CMakeFiles/__idf_esp_driver_i2s.dir/i2s_common.c.obj
[ 19%] Building C object esp-idf/esp_driver_i2s/CMakeFiles/__idf_esp_driver_i2s.dir/i2s_platform.c.obj
[ 19%] Building C object esp-idf/esp_driver_i2s/CMakeFiles/__idf_esp_driver_i2s.dir/i2s_pdm.c.obj
[ 19%] Building C object esp-idf/esp_driver_i2s/CMakeFiles/__idf_esp_driver_i2s.dir/i2s_std.c.obj
[ 19%] Linking C static library libesp_driver_i2s.a
[ 19%] Built target __idf_esp_driver_i2s
[ 19%] Building C object esp-idf/esp_driver_mcpwm/CMakeFiles/__idf_esp_driver_mcpwm.dir/src/mcpwm_cmpr.c.obj
[ 19%] Building C object esp-idf/esp_driver_mcpwm/CMakeFiles/__idf_esp_driver_mcpwm.dir/src/mcpwm_cap.c.obj
[ 19%] Building C object esp-idf/esp_driver_mcpwm/CMakeFiles/__idf_esp_driver_mcpwm.dir/src/mcpwm_com.c.obj
[ 20%] Building C object esp-idf/esp_driver_mcpwm/CMakeFiles/__idf_esp_driver_mcpwm.dir/src/mcpwm_fault.c.obj
[ 20%] Building C object esp-idf/esp_driver_mcpwm/CMakeFiles/__idf_esp_driver_mcpwm.dir/src/mcpwm_timer.c.obj
[ 20%] Building C object esp-idf/esp_driver_mcpwm/CMakeFiles/__idf_esp_driver_mcpwm.dir/src/mcpwm_oper.c.obj
[ 20%] Building C object esp-idf/esp_driver_mcpwm/CMakeFiles/__idf_esp_driver_mcpwm.dir/src/mcpwm_sync.c.obj
[ 20%] Building C object esp-idf/esp_driver_mcpwm/CMakeFiles/__idf_esp_driver_mcpwm.dir/src/mcpwm_gen.c.obj
[ 20%] Linking C static library libesp_driver_mcpwm.a
[ 20%] Built target __idf_esp_driver_mcpwm
[ 20%] Building C object esp-idf/esp_driver_spi/CMakeFiles/__idf_esp_driver_spi.dir/src/gpspi/spi_dma.c.obj
[ 20%] Building C object esp-idf/esp_driver_spi/CMakeFiles/__idf_esp_driver_spi.dir/src/gpspi/spi_common.c.obj
[ 20%] Building C object esp-idf/esp_driver_spi/CMakeFiles/__idf_esp_driver_spi.dir/src/gpspi/spi_slave.c.obj
[ 20%] Building C object esp-idf/esp_driver_spi/CMakeFiles/__idf_esp_driver_spi.dir/src/gpspi/spi_master.c.obj
[ 20%] Building C object esp-idf/esp_driver_spi/CMakeFiles/__idf_esp_driver_spi.dir/src/gpspi/spi_slave_hd.c.obj
[ 20%] Linking C static library libesp_driver_spi.a
[ 20%] Built target __idf_esp_driver_spi
[ 20%] Building C object esp-idf/esp_driver_pcnt/CMakeFiles/__idf_esp_driver_pcnt.dir/src/pulse_cnt.c.obj
[ 20%] Linking C static library libesp_driver_pcnt.a
[ 20%] Built target __idf_esp_driver_pcnt
[ 20%] Building CXX object esp-idf/nvs_flash/CMakeFiles/__idf_nvs_flash.dir/src/nvs_api.cpp.obj
[ 20%] Building CXX object esp-idf/nvs_flash/CMakeFiles/__idf_nvs_flash.dir/src/nvs_pagemanager.cpp.obj
[ 20%] Building CXX object esp-idf/nvs_flash/CMakeFiles/__idf_nvs_flash.dir/src/nvs_page.cpp.obj
[ 20%] Building CXX object esp-idf/nvs_flash/CMakeFiles/__idf_nvs_flash.dir/src/nvs_item_hash_list.cpp.obj
[ 20%] Building CXX object esp-idf/nvs_flash/CMakeFiles/__idf_nvs_flash.dir/src/nvs_cxx_api.cpp.obj
[ 20%] Building CXX object esp-idf/nvs_flash/CMakeFiles/__idf_nvs_flash.dir/src/nvs_handle_locked.cpp.obj
[ 20%] Building CXX object esp-idf/nvs_flash/CMakeFiles/__idf_nvs_flash.dir/src/nvs_partition_lookup.cpp.obj
[ 20%] Building CXX object esp-idf/nvs_flash/CMakeFiles/__idf_nvs_flash.dir/src/nvs_partition.cpp.obj
[ 20%] Building CXX object esp-idf/nvs_flash/CMakeFiles/__idf_nvs_flash.dir/src/nvs_platform.cpp.obj
[ 20%] Building CXX object esp-idf/nvs_flash/CMakeFiles/__idf_nvs_flash.dir/src/nvs_handle_simple.cpp.obj
[ 21%] Building CXX object esp-idf/nvs_flash/CMakeFiles/__idf_nvs_flash.dir/src/nvs_encrypted_partition.cpp.obj
[ 21%] Building CXX object esp-idf/nvs_flash/CMakeFiles/__idf_nvs_flash.dir/src/nvs_types.cpp.obj
[ 21%] Building C object esp-idf/nvs_flash/CMakeFiles/__idf_nvs_flash.dir/src/nvs_bootloader.c.obj
[ 21%] Building CXX object esp-idf/nvs_flash/CMakeFiles/__idf_nvs_flash.dir/src/nvs_partition_manager.cpp.obj
[ 21%] Building CXX object esp-idf/nvs_flash/CMakeFiles/__idf_nvs_flash.dir/src/nvs_storage.cpp.obj
[ 21%] Linking C static library libnvs_flash.a
[ 21%] Built target __idf_nvs_flash
[ 21%] Building C object esp-idf/esp_event/CMakeFiles/__idf_esp_event.dir/default_event_loop.c.obj
[ 21%] Building C object esp-idf/esp_event/CMakeFiles/__idf_esp_event.dir/esp_event_private.c.obj
[ 21%] Building C object esp-idf/esp_event/CMakeFiles/__idf_esp_event.dir/esp_event.c.obj
[ 21%] Linking C static library libesp_event.a
[ 21%] Built target __idf_esp_event
[ 21%] Building C object esp-idf/esp_driver_uart/CMakeFiles/__idf_esp_driver_uart.dir/src/uhci.c.obj
[ 21%] Building C object esp-idf/esp_driver_uart/CMakeFiles/__idf_esp_driver_uart.dir/src/uart_vfs.c.obj
[ 21%] Building C object esp-idf/esp_driver_uart/CMakeFiles/__idf_esp_driver_uart.dir/src/uart.c.obj
[ 21%] Linking C static library libesp_driver_uart.a
[ 21%] Built target __idf_esp_driver_uart
[ 21%] Building C object esp-idf/esp_ringbuf/CMakeFiles/__idf_esp_ringbuf.dir/ringbuf.c.obj
[ 21%] Linking C static library libesp_ringbuf.a
[ 21%] Built target __idf_esp_ringbuf
[ 21%] Building C object esp-idf/esp_driver_gptimer/CMakeFiles/__idf_esp_driver_gptimer.dir/src/gptimer.c.obj
[ 22%] Building C object esp-idf/esp_driver_gptimer/CMakeFiles/__idf_esp_driver_gptimer.dir/src/gptimer_common.c.obj
[ 22%] Linking C static library libesp_driver_gptimer.a
[ 22%] Built target __idf_esp_driver_gptimer
[ 22%] Building C object esp-idf/esp_timer/CMakeFiles/__idf_esp_timer.dir/src/esp_timer.c.obj
[ 22%] Building C object esp-idf/esp_timer/CMakeFiles/__idf_esp_timer.dir/src/ets_timer_legacy.c.obj
[ 22%] Building C object esp-idf/esp_timer/CMakeFiles/__idf_esp_timer.dir/src/system_time.c.obj
[ 22%] Building C object esp-idf/esp_timer/CMakeFiles/__idf_esp_timer.dir/src/esp_timer_init.c.obj
[ 22%] Building C object esp-idf/esp_timer/CMakeFiles/__idf_esp_timer.dir/src/esp_timer_impl_systimer.c.obj
[ 22%] Building C object esp-idf/esp_timer/CMakeFiles/__idf_esp_timer.dir/src/esp_timer_impl_common.c.obj
[ 22%] Linking C static library libesp_timer.a
[ 22%] Built target __idf_esp_timer
[ 22%] Building CXX object esp-idf/cxx/CMakeFiles/__idf_cxx.dir/cxx_exception_stubs.cpp.obj
[ 22%] Building CXX object esp-idf/cxx/CMakeFiles/__idf_cxx.dir/cxx_init.cpp.obj
[ 22%] Building CXX object esp-idf/cxx/CMakeFiles/__idf_cxx.dir/cxx_guards.cpp.obj
[ 22%] Linking C static library libcxx.a
[ 22%] Built target __idf_cxx
[ 22%] Building C object esp-idf/pthread/CMakeFiles/__idf_pthread.dir/pthread_local_storage.c.obj
[ 22%] Building C object esp-idf/pthread/CMakeFiles/__idf_pthread.dir/pthread.c.obj
[ 22%] Building C object esp-idf/pthread/CMakeFiles/__idf_pthread.dir/pthread_semaphore.c.obj
[ 22%] Building C object esp-idf/pthread/CMakeFiles/__idf_pthread.dir/pthread_cond_var.c.obj
[ 22%] Building C object esp-idf/pthread/CMakeFiles/__idf_pthread.dir/pthread_rwlock.c.obj
[ 22%] Linking C static library libpthread.a
[ 22%] Built target __idf_pthread
[ 22%] Building C object esp-idf/newlib/CMakeFiles/__idf_newlib.dir/flockfile.c.obj
[ 22%] Building C object esp-idf/newlib/CMakeFiles/__idf_newlib.dir/abort.c.obj
[ 22%] Building C object esp-idf/newlib/CMakeFiles/__idf_newlib.dir/heap.c.obj
[ 22%] Building C object esp-idf/newlib/CMakeFiles/__idf_newlib.dir/locks.c.obj
[ 22%] Building C object esp-idf/newlib/CMakeFiles/__idf_newlib.dir/pthread.c.obj
[ 22%] Building C object esp-idf/newlib/CMakeFiles/__idf_newlib.dir/poll.c.obj
[ 22%] Building C object esp-idf/newlib/CMakeFiles/__idf_newlib.dir/syscalls.c.obj
[ 22%] Building C object esp-idf/newlib/CMakeFiles/__idf_newlib.dir/newlib_init.c.obj
[ 22%] Building C object esp-idf/newlib/CMakeFiles/__idf_newlib.dir/getentropy.c.obj
[ 22%] Building C object esp-idf/newlib/CMakeFiles/__idf_newlib.dir/reent_init.c.obj
[ 22%] Building C object esp-idf/newlib/CMakeFiles/__idf_newlib.dir/random.c.obj
[ 22%] Building C object esp-idf/newlib/CMakeFiles/__idf_newlib.dir/assert.c.obj
[ 22%] Building C object esp-idf/newlib/CMakeFiles/__idf_newlib.dir/termios.c.obj
[ 22%] Building C object esp-idf/newlib/CMakeFiles/__idf_newlib.dir/time.c.obj
[ 23%] Building C object esp-idf/newlib/CMakeFiles/__idf_newlib.dir/stdatomic.c.obj
[ 23%] Building C object esp-idf/newlib/CMakeFiles/__idf_newlib.dir/sysconf.c.obj
[ 23%] Building C object esp-idf/newlib/CMakeFiles/__idf_newlib.dir/realpath.c.obj
[ 23%] Building C object esp-idf/newlib/CMakeFiles/__idf_newlib.dir/scandir.c.obj
[ 23%] Building C object esp-idf/newlib/CMakeFiles/__idf_newlib.dir/port/xtensa/stdatomic_s32c1i.c.obj
[ 23%] Building C object esp-idf/newlib/CMakeFiles/__idf_newlib.dir/port/esp_time_impl.c.obj
[ 23%] Linking C static library libnewlib.a
[ 23%] Built target __idf_newlib
[ 23%] Building C object esp-idf/freertos/CMakeFiles/__idf_freertos.dir/FreeRTOS-Kernel/list.c.obj
[ 24%] Building C object esp-idf/freertos/CMakeFiles/__idf_freertos.dir/port_common.c.obj
[ 24%] Building C object esp-idf/freertos/CMakeFiles/__idf_freertos.dir/heap_idf.c.obj
[ 24%] Building C object esp-idf/freertos/CMakeFiles/__idf_freertos.dir/FreeRTOS-Kernel/queue.c.obj
[ 24%] Building C object esp-idf/freertos/CMakeFiles/__idf_freertos.dir/app_startup.c.obj
[ 24%] Building C object esp-idf/freertos/CMakeFiles/__idf_freertos.dir/FreeRTOS-Kernel/stream_buffer.c.obj
[ 24%] Building C object esp-idf/freertos/CMakeFiles/__idf_freertos.dir/FreeRTOS-Kernel/timers.c.obj
[ 24%] Building C object esp-idf/freertos/CMakeFiles/__idf_freertos.dir/FreeRTOS-Kernel/portable/xtensa/port.c.obj
[ 24%] Building C object esp-idf/freertos/CMakeFiles/__idf_freertos.dir/port_systick.c.obj
[ 24%] Building C object esp-idf/freertos/CMakeFiles/__idf_freertos.dir/FreeRTOS-Kernel/event_groups.c.obj
[ 24%] Building C object esp-idf/freertos/CMakeFiles/__idf_freertos.dir/FreeRTOS-Kernel/portable/xtensa/xtensa_overlay_os_hook.c.obj
[ 24%] Building ASM object esp-idf/freertos/CMakeFiles/__idf_freertos.dir/FreeRTOS-Kernel/portable/xtensa/portasm.S.obj
[ 24%] Building C object esp-idf/freertos/CMakeFiles/__idf_freertos.dir/esp_additions/idf_additions_event_groups.c.obj
[ 24%] Building C object esp-idf/freertos/CMakeFiles/__idf_freertos.dir/FreeRTOS-Kernel/tasks.c.obj
[ 24%] Building C object esp-idf/freertos/CMakeFiles/__idf_freertos.dir/esp_additions/freertos_compatibility.c.obj
[ 24%] Building C object esp-idf/freertos/CMakeFiles/__idf_freertos.dir/FreeRTOS-Kernel/portable/xtensa/xtensa_init.c.obj
[ 24%] Building C object esp-idf/freertos/CMakeFiles/__idf_freertos.dir/esp_additions/idf_additions.c.obj
[ 24%] Linking C static library libfreertos.a
[ 24%] Built target __idf_freertos
[ 24%] Building C object esp-idf/esp_hw_support/CMakeFiles/__idf_esp_hw_support.dir/port/esp32s3/esp_cpu_intr.c.obj
[ 25%] Building C object esp-idf/esp_hw_support/CMakeFiles/__idf_esp_hw_support.dir/cpu.c.obj
[ 25%] Building C object esp-idf/esp_hw_support/CMakeFiles/__idf_esp_hw_support.dir/esp_memory_utils.c.obj
[ 25%] Building C object esp-idf/esp_hw_support/CMakeFiles/__idf_esp_hw_support.dir/clk_ctrl_os.c.obj
[ 25%] Building C object esp-idf/esp_hw_support/CMakeFiles/__idf_esp_hw_support.dir/port/esp32s3/cpu_region_protect.c.obj
[ 25%] Building C object esp-idf/esp_hw_support/CMakeFiles/__idf_esp_hw_support.dir/sleep_modem.c.obj
[ 25%] Building C object esp-idf/esp_hw_support/CMakeFiles/__idf_esp_hw_support.dir/hw_random.c.obj
[ 25%] Building C object esp-idf/esp_hw_support/CMakeFiles/__idf_esp_hw_support.dir/mac_addr.c.obj
[ 25%] Building C object esp-idf/esp_hw_support/CMakeFiles/__idf_esp_hw_support.dir/revision.c.obj
[ 25%] Building C object esp-idf/esp_hw_support/CMakeFiles/__idf_esp_hw_support.dir/intr_alloc.c.obj
[ 25%] Building C object esp-idf/esp_hw_support/CMakeFiles/__idf_esp_hw_support.dir/periph_ctrl.c.obj
[ 25%] Building C object esp-idf/esp_hw_support/CMakeFiles/__idf_esp_hw_support.dir/esp_clk.c.obj
[ 25%] Building C object esp-idf/esp_hw_support/CMakeFiles/__idf_esp_hw_support.dir/sleep_console.c.obj
[ 25%] Building C object esp-idf/esp_hw_support/CMakeFiles/__idf_esp_hw_support.dir/rtc_module.c.obj
[ 25%] Building C object esp-idf/esp_hw_support/CMakeFiles/__idf_esp_hw_support.dir/sleep_modes.c.obj
[ 25%] Building C object esp-idf/esp_hw_support/CMakeFiles/__idf_esp_hw_support.dir/sleep_usb.c.obj
[ 25%] Building C object esp-idf/esp_hw_support/CMakeFiles/__idf_esp_hw_support.dir/sleep_gpio.c.obj
[ 25%] Building C object esp-idf/esp_hw_support/CMakeFiles/__idf_esp_hw_support.dir/sleep_event.c.obj
[ 25%] Building C object esp-idf/esp_hw_support/CMakeFiles/__idf_esp_hw_support.dir/regi2c_ctrl.c.obj
[ 25%] Building C object esp-idf/esp_hw_support/CMakeFiles/__idf_esp_hw_support.dir/esp_gpio_reserve.c.obj
[ 25%] Building C object esp-idf/esp_hw_support/CMakeFiles/__idf_esp_hw_support.dir/port/esp32s3/io_mux.c.obj
[ 25%] Building C object esp-idf/esp_hw_support/CMakeFiles/__idf_esp_hw_support.dir/sar_periph_ctrl_common.c.obj
[ 25%] Building C object esp-idf/esp_hw_support/CMakeFiles/__idf_esp_hw_support.dir/port/esp32s3/esp_clk_tree.c.obj
[ 25%] Building C object esp-idf/esp_hw_support/CMakeFiles/__idf_esp_hw_support.dir/port/esp_clk_tree_common.c.obj
[ 25%] Building C object esp-idf/esp_hw_support/CMakeFiles/__idf_esp_hw_support.dir/dma/esp_dma_utils.c.obj
[ 26%] Building C object esp-idf/esp_hw_support/CMakeFiles/__idf_esp_hw_support.dir/dma/gdma_link.c.obj
[ 26%] Building C object esp-idf/esp_hw_support/CMakeFiles/__idf_esp_hw_support.dir/spi_share_hw_ctrl.c.obj
[ 26%] Building C object esp-idf/esp_hw_support/CMakeFiles/__idf_esp_hw_support.dir/spi_bus_lock.c.obj
[ 26%] Building C object esp-idf/esp_hw_support/CMakeFiles/__idf_esp_hw_support.dir/clk_utils.c.obj
[ 26%] Building C object esp-idf/esp_hw_support/CMakeFiles/__idf_esp_hw_support.dir/adc_share_hw_ctrl.c.obj
[ 26%] Building C object esp-idf/esp_hw_support/CMakeFiles/__idf_esp_hw_support.dir/dma/gdma.c.obj
[ 26%] Building C object esp-idf/esp_hw_support/CMakeFiles/__idf_esp_hw_support.dir/deprecated/gdma_legacy.c.obj
[ 26%] Building C object esp-idf/esp_hw_support/CMakeFiles/__idf_esp_hw_support.dir/dma/esp_async_memcpy.c.obj
[ 26%] Building C object esp-idf/esp_hw_support/CMakeFiles/__idf_esp_hw_support.dir/dma/async_memcpy_gdma.c.obj
[ 26%] Building C object esp-idf/esp_hw_support/CMakeFiles/__idf_esp_hw_support.dir/port/esp32s3/systimer.c.obj
[ 26%] Building C object esp-idf/esp_hw_support/CMakeFiles/__idf_esp_hw_support.dir/mspi_timing_tuning.c.obj
[ 26%] Building C object esp-idf/esp_hw_support/CMakeFiles/__idf_esp_hw_support.dir/mspi_timing_by_mspi_delay.c.obj
[ 26%] Building C object esp-idf/esp_hw_support/CMakeFiles/__idf_esp_hw_support.dir/esp_clock_output.c.obj
[ 26%] Building C object esp-idf/esp_hw_support/CMakeFiles/__idf_esp_hw_support.dir/sleep_wake_stub.c.obj
[ 26%] Building C object esp-idf/esp_hw_support/CMakeFiles/__idf_esp_hw_support.dir/port/esp32s3/rtc_clk.c.obj
[ 26%] Building C object esp-idf/esp_hw_support/CMakeFiles/__idf_esp_hw_support.dir/port/esp32s3/rtc_clk_init.c.obj
[ 26%] Building C object esp-idf/esp_hw_support/CMakeFiles/__idf_esp_hw_support.dir/port/esp32s3/rtc_sleep.c.obj
[ 26%] Building C object esp-idf/esp_hw_support/CMakeFiles/__idf_esp_hw_support.dir/port/esp32s3/rtc_init.c.obj
[ 26%] Building C object esp-idf/esp_hw_support/CMakeFiles/__idf_esp_hw_support.dir/port/esp32s3/rtc_time.c.obj
[ 27%] Building C object esp-idf/esp_hw_support/CMakeFiles/__idf_esp_hw_support.dir/port/esp32s3/chip_info.c.obj
[ 27%] Building C object esp-idf/esp_hw_support/CMakeFiles/__idf_esp_hw_support.dir/port/esp32s3/sar_periph_ctrl.c.obj
[ 27%] Building C object esp-idf/esp_hw_support/CMakeFiles/__idf_esp_hw_support.dir/port/esp32s3/mspi_timing_config.c.obj
[ 27%] Building C object esp-idf/esp_hw_support/CMakeFiles/__idf_esp_hw_support.dir/port/esp32s3/esp_memprot.c.obj
[ 27%] Building C object esp-idf/esp_hw_support/CMakeFiles/__idf_esp_hw_support.dir/port/esp_memprot_conv.c.obj
[ 27%] Building C object esp-idf/esp_hw_support/CMakeFiles/__idf_esp_hw_support.dir/lowpower/port/esp32s3/sleep_cpu.c.obj
[ 27%] Linking C static library libesp_hw_support.a
[ 27%] Built target __idf_esp_hw_support
[ 27%] Building C object esp-idf/esp_security/CMakeFiles/__idf_esp_security.dir/src/esp_crypto_lock.c.obj
[ 27%] Building C object esp-idf/esp_security/CMakeFiles/__idf_esp_security.dir/src/esp_ds.c.obj
[ 27%] Building C object esp-idf/esp_security/CMakeFiles/__idf_esp_security.dir/src/esp_hmac.c.obj
[ 27%] Building C object esp-idf/esp_security/CMakeFiles/__idf_esp_security.dir/src/init.c.obj
[ 27%] Linking C static library libesp_security.a
[ 27%] Built target __idf_esp_security
[ 27%] Building C object esp-idf/soc/CMakeFiles/__idf_soc.dir/lldesc.c.obj
[ 27%] Building C object esp-idf/soc/CMakeFiles/__idf_soc.dir/esp32s3/interrupts.c.obj
[ 27%] Building C object esp-idf/soc/CMakeFiles/__idf_soc.dir/dport_access_common.c.obj
[ 27%] Building C object esp-idf/soc/CMakeFiles/__idf_soc.dir/esp32s3/dedic_gpio_periph.c.obj
[ 27%] Building C object esp-idf/soc/CMakeFiles/__idf_soc.dir/esp32s3/gpio_periph.c.obj
[ 27%] Building C object esp-idf/soc/CMakeFiles/__idf_soc.dir/esp32s3/spi_periph.c.obj
[ 27%] Building C object esp-idf/soc/CMakeFiles/__idf_soc.dir/esp32s3/uart_periph.c.obj
[ 27%] Building C object esp-idf/soc/CMakeFiles/__idf_soc.dir/esp32s3/adc_periph.c.obj
[ 27%] Building C object esp-idf/soc/CMakeFiles/__idf_soc.dir/esp32s3/ledc_periph.c.obj
[ 27%] Building C object esp-idf/soc/CMakeFiles/__idf_soc.dir/esp32s3/pcnt_periph.c.obj
[ 27%] Building C object esp-idf/soc/CMakeFiles/__idf_soc.dir/esp32s3/sdm_periph.c.obj
[ 27%] Building C object esp-idf/soc/CMakeFiles/__idf_soc.dir/esp32s3/gdma_periph.c.obj
[ 27%] Building C object esp-idf/soc/CMakeFiles/__idf_soc.dir/esp32s3/rmt_periph.c.obj
[ 28%] Building C object esp-idf/soc/CMakeFiles/__idf_soc.dir/esp32s3/temperature_sensor_periph.c.obj
[ 28%] Building C object esp-idf/soc/CMakeFiles/__idf_soc.dir/esp32s3/i2c_periph.c.obj
[ 28%] Building C object esp-idf/soc/CMakeFiles/__idf_soc.dir/esp32s3/i2s_periph.c.obj
[ 28%] Building C object esp-idf/soc/CMakeFiles/__idf_soc.dir/esp32s3/timer_periph.c.obj
[ 28%] Building C object esp-idf/soc/CMakeFiles/__idf_soc.dir/esp32s3/lcd_periph.c.obj
[ 28%] Building C object esp-idf/soc/CMakeFiles/__idf_soc.dir/esp32s3/mpi_periph.c.obj
[ 28%] Building C object esp-idf/soc/CMakeFiles/__idf_soc.dir/esp32s3/mcpwm_periph.c.obj
[ 28%] Building C object esp-idf/soc/CMakeFiles/__idf_soc.dir/esp32s3/sdmmc_periph.c.obj
[ 28%] Building C object esp-idf/soc/CMakeFiles/__idf_soc.dir/esp32s3/touch_sensor_periph.c.obj
[ 28%] Building C object esp-idf/soc/CMakeFiles/__idf_soc.dir/esp32s3/twai_periph.c.obj
[ 28%] Building C object esp-idf/soc/CMakeFiles/__idf_soc.dir/esp32s3/wdt_periph.c.obj
[ 28%] Building C object esp-idf/soc/CMakeFiles/__idf_soc.dir/esp32s3/rtc_io_periph.c.obj
[ 28%] Building C object esp-idf/soc/CMakeFiles/__idf_soc.dir/esp32s3/usb_dwc_periph.c.obj
[ 28%] Building C object esp-idf/soc/CMakeFiles/__idf_soc.dir/esp32s3/cam_periph.c.obj
[ 28%] Linking C static library libsoc.a
[ 28%] Built target __idf_soc
[ 28%] Building C object esp-idf/heap/CMakeFiles/__idf_heap.dir/heap_caps.c.obj
[ 28%] Building C object esp-idf/heap/CMakeFiles/__idf_heap.dir/multi_heap.c.obj
[ 28%] Building C object esp-idf/heap/CMakeFiles/__idf_heap.dir/heap_caps_base.c.obj
[ 29%] Building C object esp-idf/heap/CMakeFiles/__idf_heap.dir/tlsf/tlsf.c.obj
[ 29%] Building C object esp-idf/heap/CMakeFiles/__idf_heap.dir/heap_caps_init.c.obj
[ 29%] Building C object esp-idf/heap/CMakeFiles/__idf_heap.dir/port/memory_layout_utils.c.obj
[ 29%] Building C object esp-idf/heap/CMakeFiles/__idf_heap.dir/port/esp32s3/memory_layout.c.obj
[ 29%] Linking C static library libheap.a
[ 29%] Built target __idf_heap
[ 29%] Building C object esp-idf/log/CMakeFiles/__idf_log.dir/src/os/log_timestamp.c.obj
[ 29%] Building C object esp-idf/log/CMakeFiles/__idf_log.dir/src/os/log_lock.c.obj
[ 29%] Building C object esp-idf/log/CMakeFiles/__idf_log.dir/src/buffer/log_buffers.c.obj
[ 29%] Building C object esp-idf/log/CMakeFiles/__idf_log.dir/src/os/log_write.c.obj
[ 29%] Building C object esp-idf/log/CMakeFiles/__idf_log.dir/src/log_timestamp_common.c.obj
[ 29%] Building C object esp-idf/log/CMakeFiles/__idf_log.dir/src/util.c.obj
[ 29%] Building C object esp-idf/log/CMakeFiles/__idf_log.dir/src/log_level/log_level.c.obj
[ 29%] Building C object esp-idf/log/CMakeFiles/__idf_log.dir/src/log_level/tag_log_level/linked_list/log_linked_list.c.obj
[ 29%] Building C object esp-idf/log/CMakeFiles/__idf_log.dir/src/log_level/tag_log_level/tag_log_level.c.obj
[ 29%] Building C object esp-idf/log/CMakeFiles/__idf_log.dir/src/log_level/tag_log_level/cache/log_binary_heap.c.obj
[ 30%] Linking C static library liblog.a
[ 30%] Built target __idf_log
[ 30%] Building C object esp-idf/hal/CMakeFiles/__idf_hal.dir/color_hal.c.obj
[ 30%] Building C object esp-idf/hal/CMakeFiles/__idf_hal.dir/hal_utils.c.obj
[ 30%] Building C object esp-idf/hal/CMakeFiles/__idf_hal.dir/esp32s3/clk_tree_hal.c.obj
[ 30%] Building C object esp-idf/hal/CMakeFiles/__idf_hal.dir/mmu_hal.c.obj
[ 30%] Building C object esp-idf/hal/CMakeFiles/__idf_hal.dir/spi_flash_hal_iram.c.obj
[ 30%] Building C object esp-idf/hal/CMakeFiles/__idf_hal.dir/efuse_hal.c.obj
[ 30%] Building C object esp-idf/hal/CMakeFiles/__idf_hal.dir/esp32s3/efuse_hal.c.obj
[ 30%] Building C object esp-idf/hal/CMakeFiles/__idf_hal.dir/cache_hal.c.obj
[ 30%] Building C object esp-idf/hal/CMakeFiles/__idf_hal.dir/spi_flash_encrypt_hal_iram.c.obj
[ 30%] Building C object esp-idf/hal/CMakeFiles/__idf_hal.dir/gpio_hal.c.obj
[ 30%] Building C object esp-idf/hal/CMakeFiles/__idf_hal.dir/spi_flash_hal.c.obj
[ 30%] Building C object esp-idf/hal/CMakeFiles/__idf_hal.dir/rtc_io_hal.c.obj
[ 30%] Building C object esp-idf/hal/CMakeFiles/__idf_hal.dir/systimer_hal.c.obj
[ 31%] Building C object esp-idf/hal/CMakeFiles/__idf_hal.dir/mpu_hal.c.obj
[ 31%] Building C object esp-idf/hal/CMakeFiles/__idf_hal.dir/uart_hal.c.obj
[ 31%] Building C object esp-idf/hal/CMakeFiles/__idf_hal.dir/uart_hal_iram.c.obj
[ 31%] Building C object esp-idf/hal/CMakeFiles/__idf_hal.dir/timer_hal.c.obj
[ 31%] Building C object esp-idf/hal/CMakeFiles/__idf_hal.dir/ledc_hal.c.obj
[ 31%] Building C object esp-idf/hal/CMakeFiles/__idf_hal.dir/ledc_hal_iram.c.obj
[ 31%] Building C object esp-idf/hal/CMakeFiles/__idf_hal.dir/i2c_hal.c.obj
[ 32%] Building C object esp-idf/hal/CMakeFiles/__idf_hal.dir/i2c_hal_iram.c.obj
[ 32%] Building C object esp-idf/hal/CMakeFiles/__idf_hal.dir/pcnt_hal.c.obj
[ 32%] Building C object esp-idf/hal/CMakeFiles/__idf_hal.dir/rmt_hal.c.obj
[ 32%] Building C object esp-idf/hal/CMakeFiles/__idf_hal.dir/mcpwm_hal.c.obj
[ 32%] Building C object esp-idf/hal/CMakeFiles/__idf_hal.dir/uhci_hal.c.obj
[ 32%] Building C object esp-idf/hal/CMakeFiles/__idf_hal.dir/twai_hal.c.obj
[ 32%] Building C object esp-idf/hal/CMakeFiles/__idf_hal.dir/twai_hal_iram.c.obj
[ 32%] Building C object esp-idf/hal/CMakeFiles/__idf_hal.dir/gdma_hal_top.c.obj
[ 32%] Building C object esp-idf/hal/CMakeFiles/__idf_hal.dir/gdma_hal_ahb_v1.c.obj
[ 32%] Building C object esp-idf/hal/CMakeFiles/__idf_hal.dir/i2s_hal.c.obj
[ 32%] Building C object esp-idf/hal/CMakeFiles/__idf_hal.dir/sdm_hal.c.obj
[ 32%] Building C object esp-idf/hal/CMakeFiles/__idf_hal.dir/sdmmc_hal.c.obj
[ 32%] Building C object esp-idf/hal/CMakeFiles/__idf_hal.dir/adc_hal_common.c.obj
[ 32%] Building C object esp-idf/hal/CMakeFiles/__idf_hal.dir/adc_oneshot_hal.c.obj
[ 32%] Building C object esp-idf/hal/CMakeFiles/__idf_hal.dir/adc_hal.c.obj
[ 32%] Building C object esp-idf/hal/CMakeFiles/__idf_hal.dir/lcd_hal.c.obj
[ 32%] Building C object esp-idf/hal/CMakeFiles/__idf_hal.dir/mpi_hal.c.obj
[ 32%] Building C object esp-idf/hal/CMakeFiles/__idf_hal.dir/sha_hal.c.obj
[ 32%] Building C object esp-idf/hal/CMakeFiles/__idf_hal.dir/aes_hal.c.obj
[ 32%] Building C object esp-idf/hal/CMakeFiles/__idf_hal.dir/brownout_hal.c.obj
[ 33%] Building C object esp-idf/hal/CMakeFiles/__idf_hal.dir/spi_hal.c.obj
[ 33%] Building C object esp-idf/hal/CMakeFiles/__idf_hal.dir/spi_hal_iram.c.obj
[ 33%] Building C object esp-idf/hal/CMakeFiles/__idf_hal.dir/spi_slave_hal.c.obj
[ 33%] Building C object esp-idf/hal/CMakeFiles/__idf_hal.dir/spi_slave_hal_iram.c.obj
[ 33%] Building C object esp-idf/hal/CMakeFiles/__idf_hal.dir/spi_slave_hd_hal.c.obj
[ 33%] Building C object esp-idf/hal/CMakeFiles/__idf_hal.dir/spi_flash_hal_gpspi.c.obj
[ 33%] Building C object esp-idf/hal/CMakeFiles/__idf_hal.dir/hmac_hal.c.obj
[ 33%] Building C object esp-idf/hal/CMakeFiles/__idf_hal.dir/ds_hal.c.obj
[ 33%] Building C object esp-idf/hal/CMakeFiles/__idf_hal.dir/cam_hal.c.obj
[ 33%] Building C object esp-idf/hal/CMakeFiles/__idf_hal.dir/usb_serial_jtag_hal.c.obj
[ 33%] Building C object esp-idf/hal/CMakeFiles/__idf_hal.dir/usb_dwc_hal.c.obj
[ 33%] Building C object esp-idf/hal/CMakeFiles/__idf_hal.dir/esp32s3/touch_sensor_hal.c.obj
[ 33%] Building C object esp-idf/hal/CMakeFiles/__idf_hal.dir/usb_wrap_hal.c.obj
[ 33%] Building C object esp-idf/hal/CMakeFiles/__idf_hal.dir/touch_sensor_hal.c.obj
[ 33%] Building C object esp-idf/hal/CMakeFiles/__idf_hal.dir/esp32s3/rtc_cntl_hal.c.obj
[ 33%] Building C object esp-idf/hal/CMakeFiles/__idf_hal.dir/xt_wdt_hal.c.obj
[ 33%] Linking C static library libhal.a
[ 33%] Built target __idf_hal
[ 33%] Building C object esp-idf/esp_rom/CMakeFiles/__idf_esp_rom.dir/patches/esp_rom_uart.c.obj
[ 33%] Building C object esp-idf/esp_rom/CMakeFiles/__idf_esp_rom.dir/patches/esp_rom_sys.c.obj
[ 33%] Building ASM object esp-idf/esp_rom/CMakeFiles/__idf_esp_rom.dir/patches/esp_rom_longjmp.S.obj
[ 33%] Building C object esp-idf/esp_rom/CMakeFiles/__idf_esp_rom.dir/patches/esp_rom_efuse.c.obj
[ 33%] Building C object esp-idf/esp_rom/CMakeFiles/__idf_esp_rom.dir/patches/esp_rom_crc.c.obj
[ 33%] Building C object esp-idf/esp_rom/CMakeFiles/__idf_esp_rom.dir/patches/esp_rom_systimer.c.obj
[ 33%] Building C object esp-idf/esp_rom/CMakeFiles/__idf_esp_rom.dir/patches/esp_rom_wdt.c.obj
[ 33%] Building C object esp-idf/esp_rom/CMakeFiles/__idf_esp_rom.dir/patches/esp_rom_gpio.c.obj
[ 33%] Building C object esp-idf/esp_rom/CMakeFiles/__idf_esp_rom.dir/patches/esp_rom_print.c.obj
[ 33%] Building C object esp-idf/esp_rom/CMakeFiles/__idf_esp_rom.dir/patches/esp_rom_spiflash.c.obj
[ 33%] Building C object esp-idf/esp_rom/CMakeFiles/__idf_esp_rom.dir/patches/esp_rom_cache_esp32s2_esp32s3.c.obj
[ 33%] Building ASM object esp-idf/esp_rom/CMakeFiles/__idf_esp_rom.dir/patches/esp_rom_cache_writeback_esp32s3.S.obj
[ 34%] Linking C static library libesp_rom.a
[ 34%] Built target __idf_esp_rom
[ 34%] Building C object esp-idf/esp_common/CMakeFiles/__idf_esp_common.dir/src/esp_err_to_name.c.obj
[ 34%] Linking C static library libesp_common.a
[ 34%] Built target __idf_esp_common
[ 34%] Building C object esp-idf/esp_system/CMakeFiles/__idf_esp_system.dir/esp_err.c.obj
[ 34%] Building C object esp-idf/esp_system/CMakeFiles/__idf_esp_system.dir/crosscore_int.c.obj
[ 34%] Building C object esp-idf/esp_system/CMakeFiles/__idf_esp_system.dir/esp_ipc.c.obj
[ 34%] Building C object esp-idf/esp_system/CMakeFiles/__idf_esp_system.dir/freertos_hooks.c.obj
[ 34%] Building C object esp-idf/esp_system/CMakeFiles/__idf_esp_system.dir/int_wdt.c.obj
[ 34%] Building C object esp-idf/esp_system/CMakeFiles/__idf_esp_system.dir/ubsan.c.obj
[ 34%] Building C object esp-idf/esp_system/CMakeFiles/__idf_esp_system.dir/panic.c.obj
[ 34%] Building C object esp-idf/esp_system/CMakeFiles/__idf_esp_system.dir/esp_system.c.obj
[ 34%] Building C object esp-idf/esp_system/CMakeFiles/__idf_esp_system.dir/esp_system_console.c.obj
[ 34%] Building C object esp-idf/esp_system/CMakeFiles/__idf_esp_system.dir/stack_check.c.obj
[ 34%] Building C object esp-idf/esp_system/CMakeFiles/__idf_esp_system.dir/startup_funcs.c.obj
[ 34%] Building C object esp-idf/esp_system/CMakeFiles/__idf_esp_system.dir/xt_wdt.c.obj
[ 34%] Building C object esp-idf/esp_system/CMakeFiles/__idf_esp_system.dir/startup.c.obj
[ 34%] Building C object esp-idf/esp_system/CMakeFiles/__idf_esp_system.dir/system_time.c.obj
[ 35%] Building C object esp-idf/esp_system/CMakeFiles/__idf_esp_system.dir/port/cpu_start.c.obj
[ 35%] Building C object esp-idf/esp_system/CMakeFiles/__idf_esp_system.dir/port/panic_handler.c.obj
[ 35%] Building C object esp-idf/esp_system/CMakeFiles/__idf_esp_system.dir/port/esp_system_chip.c.obj
[ 35%] Building C object esp-idf/esp_system/CMakeFiles/__idf_esp_system.dir/port/image_process.c.obj
[ 35%] Building C object esp-idf/esp_system/CMakeFiles/__idf_esp_system.dir/port/brownout.c.obj
[ 35%] Building ASM object esp-idf/esp_system/CMakeFiles/__idf_esp_system.dir/port/arch/xtensa/esp_ipc_isr_handler.S.obj
[ 35%] Building C object esp-idf/esp_system/CMakeFiles/__idf_esp_system.dir/port/arch/xtensa/esp_ipc_isr_port.c.obj
[ 35%] Building C object esp-idf/esp_system/CMakeFiles/__idf_esp_system.dir/port/esp_ipc_isr.c.obj
[ 35%] Building ASM object esp-idf/esp_system/CMakeFiles/__idf_esp_system.dir/port/arch/xtensa/esp_ipc_isr_routines.S.obj
[ 35%] Building C object esp-idf/esp_system/CMakeFiles/__idf_esp_system.dir/port/arch/xtensa/panic_arch.c.obj
[ 35%] Building ASM object esp-idf/esp_system/CMakeFiles/__idf_esp_system.dir/port/arch/xtensa/panic_handler_asm.S.obj
[ 35%] Building C object esp-idf/esp_system/CMakeFiles/__idf_esp_system.dir/port/arch/xtensa/expression_with_stack.c.obj
[ 35%] Building ASM object esp-idf/esp_system/CMakeFiles/__idf_esp_system.dir/port/arch/xtensa/expression_with_stack_asm.S.obj
[ 35%] Building C object esp-idf/esp_system/CMakeFiles/__idf_esp_system.dir/port/arch/xtensa/debug_helpers.c.obj
[ 35%] Building ASM object esp-idf/esp_system/CMakeFiles/__idf_esp_system.dir/port/arch/xtensa/debug_helpers_asm.S.obj
[ 35%] Building C object esp-idf/esp_system/CMakeFiles/__idf_esp_system.dir/port/arch/xtensa/debug_stubs.c.obj
[ 35%] Building C object esp-idf/esp_system/CMakeFiles/__idf_esp_system.dir/port/arch/xtensa/trax.c.obj
[ 35%] Building ASM object esp-idf/esp_system/CMakeFiles/__idf_esp_system.dir/port/soc/esp32s3/highint_hdl.S.obj
[ 35%] Building C object esp-idf/esp_system/CMakeFiles/__idf_esp_system.dir/port/soc/esp32s3/clk.c.obj
[ 36%] Building C object esp-idf/esp_system/CMakeFiles/__idf_esp_system.dir/port/soc/esp32s3/reset_reason.c.obj
[ 36%] Building C object esp-idf/esp_system/CMakeFiles/__idf_esp_system.dir/port/soc/esp32s3/system_internal.c.obj
[ 36%] Building C object esp-idf/esp_system/CMakeFiles/__idf_esp_system.dir/port/soc/esp32s3/cache_err_int.c.obj
[ 36%] Building C object esp-idf/esp_system/CMakeFiles/__idf_esp_system.dir/port/soc/esp32s3/apb_backup_dma.c.obj
[ 36%] Linking C static library libesp_system.a
[ 36%] Built target __idf_esp_system
[ 36%] Building C object esp-idf/spi_flash/CMakeFiles/__idf_spi_flash.dir/flash_brownout_hook.c.obj
[ 36%] Building C object esp-idf/spi_flash/CMakeFiles/__idf_spi_flash.dir/spi_flash_chip_issi.c.obj
[ 36%] Building C object esp-idf/spi_flash/CMakeFiles/__idf_spi_flash.dir/esp32s3/spi_flash_oct_flash_init.c.obj
[ 36%] Building C object esp-idf/spi_flash/CMakeFiles/__idf_spi_flash.dir/spi_flash_chip_boya.c.obj
[ 36%] Building C object esp-idf/spi_flash/CMakeFiles/__idf_spi_flash.dir/spi_flash_chip_winbond.c.obj
[ 36%] Building C object esp-idf/spi_flash/CMakeFiles/__idf_spi_flash.dir/spi_flash_chip_gd.c.obj
[ 36%] Building C object esp-idf/spi_flash/CMakeFiles/__idf_spi_flash.dir/spi_flash_chip_generic.c.obj
[ 37%] Building C object esp-idf/spi_flash/CMakeFiles/__idf_spi_flash.dir/spi_flash_chip_th.c.obj
[ 37%] Building C object esp-idf/spi_flash/CMakeFiles/__idf_spi_flash.dir/spi_flash_chip_drivers.c.obj
[ 37%] Building C object esp-idf/spi_flash/CMakeFiles/__idf_spi_flash.dir/spi_flash_chip_mxic.c.obj
[ 37%] Building C object esp-idf/spi_flash/CMakeFiles/__idf_spi_flash.dir/memspi_host_driver.c.obj
[ 37%] Building C object esp-idf/spi_flash/CMakeFiles/__idf_spi_flash.dir/spi_flash_hpm_enable.c.obj
[ 37%] Building C object esp-idf/spi_flash/CMakeFiles/__idf_spi_flash.dir/spi_flash_chip_mxic_opi.c.obj
[ 37%] Building C object esp-idf/spi_flash/CMakeFiles/__idf_spi_flash.dir/cache_utils.c.obj
[ 37%] Building C object esp-idf/spi_flash/CMakeFiles/__idf_spi_flash.dir/flash_mmap.c.obj
[ 37%] Building C object esp-idf/spi_flash/CMakeFiles/__idf_spi_flash.dir/flash_ops.c.obj
[ 37%] Building C object esp-idf/spi_flash/CMakeFiles/__idf_spi_flash.dir/spi_flash_wrap.c.obj
[ 37%] Building C object esp-idf/spi_flash/CMakeFiles/__idf_spi_flash.dir/esp_flash_spi_init.c.obj
[ 37%] Building C object esp-idf/spi_flash/CMakeFiles/__idf_spi_flash.dir/esp_flash_api.c.obj
[ 37%] Building C object esp-idf/spi_flash/CMakeFiles/__idf_spi_flash.dir/spi_flash_os_func_app.c.obj
[ 37%] Building C object esp-idf/spi_flash/CMakeFiles/__idf_spi_flash.dir/spi_flash_os_func_noos.c.obj
[ 37%] Linking C static library libspi_flash.a
[ 37%] Built target __idf_spi_flash
[ 37%] Building C object esp-idf/esp_mm/CMakeFiles/__idf_esp_mm.dir/esp_mmu_map.c.obj
[ 37%] Building C object esp-idf/esp_mm/CMakeFiles/__idf_esp_mm.dir/port/esp32s3/ext_mem_layout.c.obj
[ 37%] Building C object esp-idf/esp_mm/CMakeFiles/__idf_esp_mm.dir/esp_cache_msync.c.obj
[ 37%] Building C object esp-idf/esp_mm/CMakeFiles/__idf_esp_mm.dir/heap_align_hw.c.obj
[ 37%] Building C object esp-idf/esp_mm/CMakeFiles/__idf_esp_mm.dir/esp_cache_utils.c.obj
[ 37%] Linking C static library libesp_mm.a
[ 37%] Built target __idf_esp_mm
[ 37%] Building C object esp-idf/bootloader_support/CMakeFiles/__idf_bootloader_support.dir/src/bootloader_common.c.obj
[ 37%] Building C object esp-idf/bootloader_support/CMakeFiles/__idf_bootloader_support.dir/src/bootloader_common_loader.c.obj
[ 37%] Building C object esp-idf/bootloader_support/CMakeFiles/__idf_bootloader_support.dir/src/bootloader_clock_init.c.obj
[ 37%] Building C object esp-idf/bootloader_support/CMakeFiles/__idf_bootloader_support.dir/src/bootloader_mem.c.obj
[ 37%] Building C object esp-idf/bootloader_support/CMakeFiles/__idf_bootloader_support.dir/src/bootloader_efuse.c.obj
[ 37%] Building C object esp-idf/bootloader_support/CMakeFiles/__idf_bootloader_support.dir/src/secure_boot.c.obj
[ 38%] Building C object esp-idf/bootloader_support/CMakeFiles/__idf_bootloader_support.dir/bootloader_flash/src/bootloader_flash_config_esp32s3.c.obj
[ 38%] Building C object esp-idf/bootloader_support/CMakeFiles/__idf_bootloader_support.dir/src/flash_encrypt.c.obj
[ 38%] Building C object esp-idf/bootloader_support/CMakeFiles/__idf_bootloader_support.dir/src/bootloader_random_esp32s3.c.obj
[ 38%] Building C object esp-idf/bootloader_support/CMakeFiles/__idf_bootloader_support.dir/bootloader_flash/src/flash_qio_mode.c.obj
[ 38%] Building C object esp-idf/bootloader_support/CMakeFiles/__idf_bootloader_support.dir/src/bootloader_random.c.obj
[ 38%] Building C object esp-idf/bootloader_support/CMakeFiles/__idf_bootloader_support.dir/bootloader_flash/src/bootloader_flash.c.obj
[ 38%] Building C object esp-idf/bootloader_support/CMakeFiles/__idf_bootloader_support.dir/src/bootloader_utility.c.obj
[ 38%] Building C object esp-idf/bootloader_support/CMakeFiles/__idf_bootloader_support.dir/src/idf/bootloader_sha.c.obj
[ 38%] Building C object esp-idf/bootloader_support/CMakeFiles/__idf_bootloader_support.dir/src/flash_partitions.c.obj
[ 38%] Building C object esp-idf/bootloader_support/CMakeFiles/__idf_bootloader_support.dir/src/esp_image_format.c.obj
[ 38%] Building C object esp-idf/bootloader_support/CMakeFiles/__idf_bootloader_support.dir/src/esp32s3/secure_boot_secure_features.c.obj
[ 38%] Linking C static library libbootloader_support.a
[ 38%] Built target __idf_bootloader_support
[ 38%] Building C object esp-idf/efuse/CMakeFiles/__idf_efuse.dir/esp32s3/esp_efuse_table.c.obj
[ 38%] Building C object esp-idf/efuse/CMakeFiles/__idf_efuse.dir/esp32s3/esp_efuse_rtc_calib.c.obj
[ 38%] Building C object esp-idf/efuse/CMakeFiles/__idf_efuse.dir/esp32s3/esp_efuse_utility.c.obj
[ 38%] Building C object esp-idf/efuse/CMakeFiles/__idf_efuse.dir/src/esp_efuse_api.c.obj
[ 38%] Building C object esp-idf/efuse/CMakeFiles/__idf_efuse.dir/src/esp_efuse_utility.c.obj
[ 38%] Building C object esp-idf/efuse/CMakeFiles/__idf_efuse.dir/esp32s3/esp_efuse_fields.c.obj
[ 38%] Building C object esp-idf/efuse/CMakeFiles/__idf_efuse.dir/src/esp_efuse_startup.c.obj
[ 38%] Building C object esp-idf/efuse/CMakeFiles/__idf_efuse.dir/src/esp_efuse_fields.c.obj
[ 38%] Building C object esp-idf/efuse/CMakeFiles/__idf_efuse.dir/src/efuse_controller/keys/with_key_purposes/esp_efuse_api_key.c.obj
[ 38%] Linking C static library libefuse.a
[ 38%] Built target __idf_efuse
[ 38%] Building C object esp-idf/esp_partition/CMakeFiles/__idf_esp_partition.dir/partition_target.c.obj
[ 38%] Building C object esp-idf/esp_partition/CMakeFiles/__idf_esp_partition.dir/partition.c.obj
[ 38%] Linking C static library libesp_partition.a
[ 38%] Built target __idf_esp_partition
[ 38%] Building C object esp-idf/app_update/CMakeFiles/__idf_app_update.dir/esp_ota_ops.c.obj
[ 38%] Building C object esp-idf/app_update/CMakeFiles/__idf_app_update.dir/esp_ota_app_desc.c.obj
[ 38%] Linking C static library libapp_update.a
[ 38%] Built target __idf_app_update
[ 39%] Building C object esp-idf/esp_bootloader_format/CMakeFiles/__idf_esp_bootloader_format.dir/esp_bootloader_desc.c.obj
[ 39%] Linking C static library libesp_bootloader_format.a
[ 39%] Built target __idf_esp_bootloader_format
[ 39%] Building C object esp-idf/esp_app_format/CMakeFiles/__idf_esp_app_format.dir/esp_app_desc.c.obj
[ 39%] Linking C static library libesp_app_format.a
[ 39%] Built target __idf_esp_app_format
[ 39%] Building C object esp-idf/mbedtls/mbedtls/library/CMakeFiles/mbedtls.dir/mps_trace.c.obj
[ 39%] Building C object esp-idf/mbedtls/mbedtls/library/CMakeFiles/mbedtls.dir/debug.c.obj
[ 39%] Building C object esp-idf/mbedtls/mbedtls/library/CMakeFiles/mbedtls.dir/mps_reader.c.obj
[ 39%] Building C object esp-idf/mbedtls/mbedtls/library/CMakeFiles/mbedtls.dir/ssl_cache.c.obj
[ 39%] Building C object esp-idf/mbedtls/mbedtls/library/CMakeFiles/mbedtls.dir/ssl_ticket.c.obj
[ 39%] Building C object esp-idf/mbedtls/mbedtls/library/CMakeFiles/mbedtls.dir/ssl_tls.c.obj
[ 39%] Building C object esp-idf/mbedtls/mbedtls/library/CMakeFiles/mbedtls.dir/ssl_cookie.c.obj
[ 39%] Building C object esp-idf/mbedtls/mbedtls/library/CMakeFiles/mbedtls.dir/ssl_tls12_client.c.obj
[ 39%] Building C object esp-idf/mbedtls/mbedtls/library/CMakeFiles/mbedtls.dir/ssl_debug_helpers_generated.c.obj
[ 39%] Building C object esp-idf/mbedtls/mbedtls/library/CMakeFiles/mbedtls.dir/ssl_ciphersuites.c.obj
[ 39%] Building C object esp-idf/mbedtls/mbedtls/library/CMakeFiles/mbedtls.dir/ssl_tls12_server.c.obj
[ 39%] Building C object esp-idf/mbedtls/mbedtls/library/CMakeFiles/mbedtls.dir/ssl_tls13_keys.c.obj
[ 39%] Building C object esp-idf/mbedtls/mbedtls/library/CMakeFiles/mbedtls.dir/ssl_tls13_client.c.obj
[ 39%] Building C object esp-idf/mbedtls/mbedtls/library/CMakeFiles/mbedtls.dir/ssl_client.c.obj
[ 39%] Building C object esp-idf/mbedtls/mbedtls/library/CMakeFiles/mbedtls.dir/ssl_msg.c.obj
[ 39%] Building C object esp-idf/mbedtls/mbedtls/library/CMakeFiles/mbedtls.dir/ssl_tls13_server.c.obj
[ 39%] Building C object esp-idf/mbedtls/mbedtls/library/CMakeFiles/mbedtls.dir/ssl_tls13_generic.c.obj
[ 40%] Building C object esp-idf/mbedtls/mbedtls/library/CMakeFiles/mbedtls.dir/Users/light/esp/esp-idf-v5.4.3/components/mbedtls/port/mbedtls_debug.c.obj
[ 40%] Building C object esp-idf/mbedtls/mbedtls/library/CMakeFiles/mbedtls.dir/Users/light/esp/esp-idf-v5.4.3/components/mbedtls/port/net_sockets.c.obj
[ 40%] Building C object esp-idf/mbedtls/mbedtls/library/CMakeFiles/mbedtls.dir/Users/light/esp/esp-idf-v5.4.3/components/mbedtls/port/esp_platform_time.c.obj
[ 40%] Linking CXX static library libmbedtls.a
[ 40%] Built target mbedtls
[ 40%] Building C object esp-idf/mbedtls/mbedtls/library/CMakeFiles/mbedx509.dir/pkcs7.c.obj
[ 40%] Building C object esp-idf/mbedtls/mbedtls/library/CMakeFiles/mbedx509.dir/x509_create.c.obj
[ 40%] Building C object esp-idf/mbedtls/mbedtls/library/CMakeFiles/mbedx509.dir/x509_crt.c.obj
[ 40%] Building C object esp-idf/mbedtls/mbedtls/library/CMakeFiles/mbedx509.dir/x509_csr.c.obj
[ 40%] Building C object esp-idf/mbedtls/mbedtls/library/CMakeFiles/mbedx509.dir/x509_crl.c.obj
[ 40%] Building C object esp-idf/mbedtls/mbedtls/library/CMakeFiles/mbedx509.dir/x509.c.obj
[ 40%] Building C object esp-idf/mbedtls/mbedtls/library/CMakeFiles/mbedx509.dir/x509write.c.obj
[ 40%] Building C object esp-idf/mbedtls/mbedtls/library/CMakeFiles/mbedx509.dir/x509write_csr.c.obj
[ 40%] Building C object esp-idf/mbedtls/mbedtls/library/CMakeFiles/mbedx509.dir/x509write_crt.c.obj
[ 40%] Linking CXX static library libmbedx509.a
[ 40%] Built target mbedx509
[ 40%] Building C object esp-idf/mbedtls/mbedtls/library/CMakeFiles/mbedcrypto.dir/asn1parse.c.obj
[ 40%] Building C object esp-idf/mbedtls/mbedtls/library/CMakeFiles/mbedcrypto.dir/aesni.c.obj
[ 40%] Building C object esp-idf/mbedtls/mbedtls/library/CMakeFiles/mbedcrypto.dir/aria.c.obj
[ 40%] Building C object esp-idf/mbedtls/mbedtls/library/CMakeFiles/mbedcrypto.dir/base64.c.obj
[ 40%] Building C object esp-idf/mbedtls/mbedtls/library/CMakeFiles/mbedcrypto.dir/aes.c.obj
[ 40%] Building C object esp-idf/mbedtls/mbedtls/library/CMakeFiles/mbedcrypto.dir/bignum_mod_raw.c.obj
[ 40%] Building C object esp-idf/mbedtls/mbedtls/library/CMakeFiles/mbedcrypto.dir/bignum_mod.c.obj
[ 40%] Building C object esp-idf/mbedtls/mbedtls/library/CMakeFiles/mbedcrypto.dir/bignum_core.c.obj
[ 40%] Building C object esp-idf/mbedtls/mbedtls/library/CMakeFiles/mbedcrypto.dir/aesce.c.obj
[ 40%] Building C object esp-idf/mbedtls/mbedtls/library/CMakeFiles/mbedcrypto.dir/chacha20.c.obj
[ 40%] Building C object esp-idf/mbedtls/mbedtls/library/CMakeFiles/mbedcrypto.dir/bignum.c.obj
[ 40%] Building C object esp-idf/mbedtls/mbedtls/library/CMakeFiles/mbedcrypto.dir/ccm.c.obj
[ 40%] Building C object esp-idf/mbedtls/mbedtls/library/CMakeFiles/mbedcrypto.dir/camellia.c.obj
[ 41%] Building C object esp-idf/mbedtls/mbedtls/library/CMakeFiles/mbedcrypto.dir/asn1write.c.obj
[ 41%] Building C object esp-idf/mbedtls/mbedtls/library/CMakeFiles/mbedcrypto.dir/block_cipher.c.obj
[ 41%] Building C object esp-idf/mbedtls/mbedtls/library/CMakeFiles/mbedcrypto.dir/chachapoly.c.obj
[ 41%] Building C object esp-idf/mbedtls/mbedtls/library/CMakeFiles/mbedcrypto.dir/cipher.c.obj
[ 41%] Building C object esp-idf/mbedtls/mbedtls/library/CMakeFiles/mbedcrypto.dir/cipher_wrap.c.obj
[ 41%] Building C object esp-idf/mbedtls/mbedtls/library/CMakeFiles/mbedcrypto.dir/constant_time.c.obj
[ 41%] Building C object esp-idf/mbedtls/mbedtls/library/CMakeFiles/mbedcrypto.dir/cmac.c.obj
[ 41%] Building C object esp-idf/mbedtls/mbedtls/library/CMakeFiles/mbedcrypto.dir/ctr_drbg.c.obj
[ 41%] Building C object esp-idf/mbedtls/mbedtls/library/CMakeFiles/mbedcrypto.dir/des.c.obj
[ 41%] Building C object esp-idf/mbedtls/mbedtls/library/CMakeFiles/mbedcrypto.dir/dhm.c.obj
[ 41%] Building C object esp-idf/mbedtls/mbedtls/library/CMakeFiles/mbedcrypto.dir/ecdh.c.obj
[ 41%] Building C object esp-idf/mbedtls/mbedtls/library/CMakeFiles/mbedcrypto.dir/ecdsa.c.obj
[ 42%] Building C object esp-idf/mbedtls/mbedtls/library/CMakeFiles/mbedcrypto.dir/ecjpake.c.obj
[ 42%] Building C object esp-idf/mbedtls/mbedtls/library/CMakeFiles/mbedcrypto.dir/ecp.c.obj
[ 42%] Building C object esp-idf/mbedtls/mbedtls/library/CMakeFiles/mbedcrypto.dir/ecp_curves.c.obj
[ 42%] Building C object esp-idf/mbedtls/mbedtls/library/CMakeFiles/mbedcrypto.dir/ecp_curves_new.c.obj
[ 42%] Building C object esp-idf/mbedtls/mbedtls/library/CMakeFiles/mbedcrypto.dir/entropy.c.obj
[ 42%] Building C object esp-idf/mbedtls/mbedtls/library/CMakeFiles/mbedcrypto.dir/entropy_poll.c.obj
[ 42%] Building C object esp-idf/mbedtls/mbedtls/library/CMakeFiles/mbedcrypto.dir/error.c.obj
[ 42%] Building C object esp-idf/mbedtls/mbedtls/library/CMakeFiles/mbedcrypto.dir/gcm.c.obj
[ 42%] Building C object esp-idf/mbedtls/mbedtls/library/CMakeFiles/mbedcrypto.dir/hkdf.c.obj
[ 42%] Building C object esp-idf/mbedtls/mbedtls/library/CMakeFiles/mbedcrypto.dir/hmac_drbg.c.obj
[ 42%] Building C object esp-idf/mbedtls/mbedtls/library/CMakeFiles/mbedcrypto.dir/lmots.c.obj
[ 42%] Building C object esp-idf/mbedtls/mbedtls/library/CMakeFiles/mbedcrypto.dir/lms.c.obj
[ 42%] Building C object esp-idf/mbedtls/mbedtls/library/CMakeFiles/mbedcrypto.dir/md.c.obj
[ 42%] Building C object esp-idf/mbedtls/mbedtls/library/CMakeFiles/mbedcrypto.dir/md5.c.obj
[ 42%] Building C object esp-idf/mbedtls/mbedtls/library/CMakeFiles/mbedcrypto.dir/memory_buffer_alloc.c.obj
[ 42%] Building C object esp-idf/mbedtls/mbedtls/library/CMakeFiles/mbedcrypto.dir/nist_kw.c.obj
[ 42%] Building C object esp-idf/mbedtls/mbedtls/library/CMakeFiles/mbedcrypto.dir/oid.c.obj
[ 42%] Building C object esp-idf/mbedtls/mbedtls/library/CMakeFiles/mbedcrypto.dir/padlock.c.obj
[ 42%] Building C object esp-idf/mbedtls/mbedtls/library/CMakeFiles/mbedcrypto.dir/pem.c.obj
[ 43%] Building C object esp-idf/mbedtls/mbedtls/library/CMakeFiles/mbedcrypto.dir/pk.c.obj
[ 43%] Building C object esp-idf/mbedtls/mbedtls/library/CMakeFiles/mbedcrypto.dir/pk_ecc.c.obj
[ 43%] Building C object esp-idf/mbedtls/mbedtls/library/CMakeFiles/mbedcrypto.dir/pk_wrap.c.obj
[ 43%] Building C object esp-idf/mbedtls/mbedtls/library/CMakeFiles/mbedcrypto.dir/pkcs12.c.obj
[ 43%] Building C object esp-idf/mbedtls/mbedtls/library/CMakeFiles/mbedcrypto.dir/pkcs5.c.obj
[ 43%] Building C object esp-idf/mbedtls/mbedtls/library/CMakeFiles/mbedcrypto.dir/pkparse.c.obj
[ 43%] Building C object esp-idf/mbedtls/mbedtls/library/CMakeFiles/mbedcrypto.dir/pkwrite.c.obj
[ 43%] Building C object esp-idf/mbedtls/mbedtls/library/CMakeFiles/mbedcrypto.dir/platform.c.obj
[ 43%] Building C object esp-idf/mbedtls/mbedtls/library/CMakeFiles/mbedcrypto.dir/platform_util.c.obj
[ 43%] Building C object esp-idf/mbedtls/mbedtls/library/CMakeFiles/mbedcrypto.dir/psa_crypto.c.obj
[ 43%] Building C object esp-idf/mbedtls/mbedtls/library/CMakeFiles/mbedcrypto.dir/psa_crypto_aead.c.obj
[ 43%] Building C object esp-idf/mbedtls/mbedtls/library/CMakeFiles/mbedcrypto.dir/poly1305.c.obj
[ 43%] Building C object esp-idf/mbedtls/mbedtls/library/CMakeFiles/mbedcrypto.dir/psa_crypto_cipher.c.obj
[ 43%] Building C object esp-idf/mbedtls/mbedtls/library/CMakeFiles/mbedcrypto.dir/psa_crypto_client.c.obj
[ 43%] Building C object esp-idf/mbedtls/mbedtls/library/CMakeFiles/mbedcrypto.dir/psa_crypto_driver_wrappers_no_static.c.obj
[ 43%] Building C object esp-idf/mbedtls/mbedtls/library/CMakeFiles/mbedcrypto.dir/psa_crypto_ffdh.c.obj
[ 43%] Building C object esp-idf/mbedtls/mbedtls/library/CMakeFiles/mbedcrypto.dir/psa_crypto_ecp.c.obj
[ 43%] Building C object esp-idf/mbedtls/mbedtls/library/CMakeFiles/mbedcrypto.dir/psa_crypto_hash.c.obj
[ 43%] Building C object esp-idf/mbedtls/mbedtls/library/CMakeFiles/mbedcrypto.dir/psa_crypto_mac.c.obj
[ 44%] Building C object esp-idf/mbedtls/mbedtls/library/CMakeFiles/mbedcrypto.dir/psa_crypto_pake.c.obj
[ 44%] Building C object esp-idf/mbedtls/mbedtls/library/CMakeFiles/mbedcrypto.dir/psa_crypto_rsa.c.obj
[ 44%] Building C object esp-idf/mbedtls/mbedtls/library/CMakeFiles/mbedcrypto.dir/psa_crypto_se.c.obj
[ 44%] Building C object esp-idf/mbedtls/mbedtls/library/CMakeFiles/mbedcrypto.dir/psa_crypto_slot_management.c.obj
[ 44%] Building C object esp-idf/mbedtls/mbedtls/library/CMakeFiles/mbedcrypto.dir/psa_crypto_storage.c.obj
[ 44%] Building C object esp-idf/mbedtls/mbedtls/library/CMakeFiles/mbedcrypto.dir/psa_its_file.c.obj
[ 44%] Building C object esp-idf/mbedtls/mbedtls/library/CMakeFiles/mbedcrypto.dir/psa_util.c.obj
[ 44%] Building C object esp-idf/mbedtls/mbedtls/library/CMakeFiles/mbedcrypto.dir/ripemd160.c.obj
[ 44%] Building C object esp-idf/mbedtls/mbedtls/library/CMakeFiles/mbedcrypto.dir/rsa_alt_helpers.c.obj
[ 44%] Building C object esp-idf/mbedtls/mbedtls/library/CMakeFiles/mbedcrypto.dir/rsa.c.obj
[ 44%] Building C object esp-idf/mbedtls/mbedtls/library/CMakeFiles/mbedcrypto.dir/sha1.c.obj
[ 44%] Building C object esp-idf/mbedtls/mbedtls/library/CMakeFiles/mbedcrypto.dir/sha512.c.obj
[ 44%] Building C object esp-idf/mbedtls/mbedtls/library/CMakeFiles/mbedcrypto.dir/sha256.c.obj
[ 44%] Building C object esp-idf/mbedtls/mbedtls/library/CMakeFiles/mbedcrypto.dir/sha3.c.obj
[ 44%] Building C object esp-idf/mbedtls/mbedtls/library/CMakeFiles/mbedcrypto.dir/threading.c.obj
[ 44%] Building C object esp-idf/mbedtls/mbedtls/library/CMakeFiles/mbedcrypto.dir/timing.c.obj
[ 44%] Building C object esp-idf/mbedtls/mbedtls/library/CMakeFiles/mbedcrypto.dir/version.c.obj
[ 44%] Building C object esp-idf/mbedtls/mbedtls/library/CMakeFiles/mbedcrypto.dir/version_features.c.obj
[ 45%] Building C object esp-idf/mbedtls/mbedtls/library/CMakeFiles/mbedcrypto.dir/Users/light/esp/esp-idf-v5.4.3/components/mbedtls/port/aes/dma/esp_aes_dma_core.c.obj
[ 45%] Building C object esp-idf/mbedtls/mbedtls/library/CMakeFiles/mbedcrypto.dir/Users/light/esp/esp-idf-v5.4.3/components/mbedtls/port/sha/dma/esp_sha_gdma_impl.c.obj
[ 45%] Building C object esp-idf/mbedtls/mbedtls/library/CMakeFiles/mbedcrypto.dir/Users/light/esp/esp-idf-v5.4.3/components/mbedtls/port/aes/dma/esp_aes_gdma_impl.c.obj
[ 45%] Building C object esp-idf/mbedtls/mbedtls/library/CMakeFiles/mbedcrypto.dir/Users/light/esp/esp-idf-v5.4.3/components/mbedtls/port/crypto_shared_gdma/esp_crypto_shared_gdma.c.obj
[ 45%] Building C object esp-idf/mbedtls/mbedtls/library/CMakeFiles/mbedcrypto.dir/Users/light/esp/esp-idf-v5.4.3/components/mbedtls/port/esp_hardware.c.obj
[ 45%] Building C object esp-idf/mbedtls/mbedtls/library/CMakeFiles/mbedcrypto.dir/Users/light/esp/esp-idf-v5.4.3/components/mbedtls/port/esp_mem.c.obj
[ 45%] Building C object esp-idf/mbedtls/mbedtls/library/CMakeFiles/mbedcrypto.dir/Users/light/esp/esp-idf-v5.4.3/components/mbedtls/port/esp_timing.c.obj
[ 45%] Building C object esp-idf/mbedtls/mbedtls/library/CMakeFiles/mbedcrypto.dir/Users/light/esp/esp-idf-v5.4.3/components/mbedtls/port/aes/esp_aes_xts.c.obj
[ 45%] Building C object esp-idf/mbedtls/mbedtls/library/CMakeFiles/mbedcrypto.dir/Users/light/esp/esp-idf-v5.4.3/components/mbedtls/port/aes/dma/esp_aes.c.obj
[ 45%] Building C object esp-idf/mbedtls/mbedtls/library/CMakeFiles/mbedcrypto.dir/Users/light/esp/esp-idf-v5.4.3/components/mbedtls/port/sha/esp_sha.c.obj
[ 45%] Building C object esp-idf/mbedtls/mbedtls/library/CMakeFiles/mbedcrypto.dir/Users/light/esp/esp-idf-v5.4.3/components/mbedtls/port/aes/esp_aes_common.c.obj
[ 45%] Building C object esp-idf/mbedtls/mbedtls/library/CMakeFiles/mbedcrypto.dir/Users/light/esp/esp-idf-v5.4.3/components/mbedtls/port/sha/dma/sha.c.obj
[ 45%] Building C object esp-idf/mbedtls/mbedtls/library/CMakeFiles/mbedcrypto.dir/Users/light/esp/esp-idf-v5.4.3/components/mbedtls/port/esp_ds/esp_rsa_sign_alt.c.obj
[ 45%] Building C object esp-idf/mbedtls/mbedtls/library/CMakeFiles/mbedcrypto.dir/Users/light/esp/esp-idf-v5.4.3/components/mbedtls/port/esp_ds/esp_rsa_dec_alt.c.obj
[ 45%] Building C object esp-idf/mbedtls/mbedtls/library/CMakeFiles/mbedcrypto.dir/Users/light/esp/esp-idf-v5.4.3/components/mbedtls/port/esp_ds/esp_ds_common.c.obj
[ 45%] Building C object esp-idf/mbedtls/mbedtls/library/CMakeFiles/mbedcrypto.dir/Users/light/esp/esp-idf-v5.4.3/components/mbedtls/port/bignum/bignum_alt.c.obj
[ 45%] Building C object esp-idf/mbedtls/mbedtls/library/CMakeFiles/mbedcrypto.dir/Users/light/esp/esp-idf-v5.4.3/components/mbedtls/port/bignum/esp_bignum.c.obj
[ 45%] Building C object esp-idf/mbedtls/mbedtls/library/CMakeFiles/mbedcrypto.dir/Users/light/esp/esp-idf-v5.4.3/components/mbedtls/port/sha/dma/esp_sha1.c.obj
[ 45%] Building C object esp-idf/mbedtls/mbedtls/library/CMakeFiles/mbedcrypto.dir/Users/light/esp/esp-idf-v5.4.3/components/mbedtls/port/sha/dma/esp_sha512.c.obj
[ 45%] Building C object esp-idf/mbedtls/mbedtls/library/CMakeFiles/mbedcrypto.dir/Users/light/esp/esp-idf-v5.4.3/components/mbedtls/port/sha/dma/esp_sha256.c.obj
[ 45%] Building C object esp-idf/mbedtls/mbedtls/library/CMakeFiles/mbedcrypto.dir/Users/light/esp/esp-idf-v5.4.3/components/mbedtls/port/aes/esp_aes_gcm.c.obj
[ 46%] Building C object esp-idf/mbedtls/mbedtls/library/CMakeFiles/mbedcrypto.dir/Users/light/esp/esp-idf-v5.4.3/components/mbedtls/port/md/esp_md.c.obj
[ 46%] Linking CXX static library libmbedcrypto.a
[ 46%] Built target mbedcrypto
[ 46%] Building C object esp-idf/mbedtls/mbedtls/3rdparty/p256-m/CMakeFiles/p256m.dir/p256-m_driver_entrypoints.c.obj
[ 46%] Building C object esp-idf/mbedtls/mbedtls/3rdparty/p256-m/CMakeFiles/p256m.dir/p256-m/p256-m.c.obj
[ 46%] Linking CXX static library libp256m.a
[ 46%] Built target p256m
[ 46%] Building C object esp-idf/mbedtls/mbedtls/3rdparty/everest/CMakeFiles/everest.dir/library/Hacl_Curve25519_joined.c.obj
[ 46%] Building C object esp-idf/mbedtls/mbedtls/3rdparty/everest/CMakeFiles/everest.dir/library/x25519.c.obj
[ 46%] Building C object esp-idf/mbedtls/mbedtls/3rdparty/everest/CMakeFiles/everest.dir/library/everest.c.obj
[ 46%] Linking CXX static library libeverest.a
[ 46%] Built target everest
[ 46%] Generating x509_crt_bundle
[ 46%] Generating ../../x509_crt_bundle.S
[ 46%] Building ASM object esp-idf/mbedtls/CMakeFiles/__idf_mbedtls.dir/__/__/x509_crt_bundle.S.obj
[ 46%] Building C object esp-idf/mbedtls/CMakeFiles/__idf_mbedtls.dir/esp_crt_bundle/esp_crt_bundle.c.obj
[ 46%] Linking C static library libmbedtls.a
[ 46%] Built target __idf_mbedtls
[ 46%] Building C object esp-idf/esp_pm/CMakeFiles/__idf_esp_pm.dir/pm_locks.c.obj
[ 46%] Building C object esp-idf/esp_pm/CMakeFiles/__idf_esp_pm.dir/pm_trace.c.obj
[ 46%] Building C object esp-idf/esp_pm/CMakeFiles/__idf_esp_pm.dir/pm_impl.c.obj
[ 47%] Linking C static library libesp_pm.a
[ 47%] Built target __idf_esp_pm
[ 47%] Building C object esp-idf/esp_driver_gpio/CMakeFiles/__idf_esp_driver_gpio.dir/src/gpio_glitch_filter_ops.c.obj
[ 47%] Building C object esp-idf/esp_driver_gpio/CMakeFiles/__idf_esp_driver_gpio.dir/src/gpio.c.obj
[ 47%] Building C object esp-idf/esp_driver_gpio/CMakeFiles/__idf_esp_driver_gpio.dir/src/gpio_pin_glitch_filter.c.obj
[ 47%] Building C object esp-idf/esp_driver_gpio/CMakeFiles/__idf_esp_driver_gpio.dir/src/dedic_gpio.c.obj
[ 47%] Building C object esp-idf/esp_driver_gpio/CMakeFiles/__idf_esp_driver_gpio.dir/src/rtc_io.c.obj
[ 47%] Linking C static library libesp_driver_gpio.a
[ 47%] Built target __idf_esp_driver_gpio
[ 47%] Building ASM object esp-idf/xtensa/CMakeFiles/__idf_xtensa.dir/xtensa_context.S.obj
[ 47%] Building C object esp-idf/xtensa/CMakeFiles/__idf_xtensa.dir/eri.c.obj
[ 47%] Building C object esp-idf/xtensa/CMakeFiles/__idf_xtensa.dir/xtensa_intr.c.obj
[ 47%] Building ASM object esp-idf/xtensa/CMakeFiles/__idf_xtensa.dir/xtensa_vectors.S.obj
[ 47%] Building C object esp-idf/xtensa/CMakeFiles/__idf_xtensa.dir/xt_trax.c.obj
[ 47%] Building ASM object esp-idf/xtensa/CMakeFiles/__idf_xtensa.dir/xtensa_intr_asm.S.obj
[ 47%] Linking C static library libxtensa.a
[ 47%] Built target __idf_xtensa
[ 47%] Building C object esp-idf/esp_eth/CMakeFiles/__idf_esp_eth.dir/src/esp_eth.c.obj
[ 47%] Building C object esp-idf/esp_hid/CMakeFiles/__idf_esp_hid.dir/src/esp_hidd.c.obj
[ 47%] Building CXX object esp-idf/wear_levelling/CMakeFiles/__idf_wear_levelling.dir/Partition.cpp.obj
[ 47%] Building C object esp-idf/rt/CMakeFiles/__idf_rt.dir/FreeRTOS_POSIX_mqueue.c.obj
[ 47%] Building C object esp-idf/perfmon/CMakeFiles/__idf_perfmon.dir/xtensa_perfmon_access.c.obj
[ 47%] Building C object esp-idf/nvs_sec_provider/CMakeFiles/__idf_nvs_sec_provider.dir/nvs_sec_provider.c.obj
[ 47%] Building C object esp-idf/console/CMakeFiles/__idf_console.dir/commands.c.obj
[ 47%] Building C object esp-idf/esp_driver_cam/CMakeFiles/__idf_esp_driver_cam.dir/esp_cam_ctlr.c.obj
[ 47%] Building C object esp-idf/mqtt/CMakeFiles/__idf_mqtt.dir/esp-mqtt/mqtt_client.c.obj
[ 47%] Building C object esp-idf/protobuf-c/CMakeFiles/__idf_protobuf-c.dir/protobuf-c/protobuf-c/protobuf-c.c.obj
[ 47%] Building C object esp-idf/esp_https_server/CMakeFiles/__idf_esp_https_server.dir/src/https_server.c.obj
[ 47%] Building C object esp-idf/json/CMakeFiles/__idf_json.dir/cJSON/cJSON.c.obj
[ 47%] Building C object esp-idf/spiffs/CMakeFiles/__idf_spiffs.dir/spiffs_api.c.obj
[ 47%] Building C object esp-idf/touch_element/CMakeFiles/__idf_touch_element.dir/touch_element.c.obj
[ 47%] Building C object esp-idf/esp_lcd/CMakeFiles/__idf_esp_lcd.dir/src/esp_lcd_common.c.obj
[ 47%] Building C object esp-idf/espcoredump/CMakeFiles/__idf_espcoredump.dir/src/core_dump_init.c.obj
[ 47%] Building C object esp-idf/espcoredump/CMakeFiles/__idf_espcoredump.dir/src/core_dump_common.c.obj
[ 47%] Building C object esp-idf/perfmon/CMakeFiles/__idf_perfmon.dir/xtensa_perfmon_apis.c.obj
[ 47%] Building C object esp-idf/esp_driver_cam/CMakeFiles/__idf_esp_driver_cam.dir/dvp_share_ctrl.c.obj
[ 47%] Building CXX object esp-idf/wear_levelling/CMakeFiles/__idf_wear_levelling.dir/SPI_Flash.cpp.obj
[ 47%] Building C object esp-idf/esp_hid/CMakeFiles/__idf_esp_hid.dir/src/esp_hidh.c.obj
[ 47%] Linking C static library libnvs_sec_provider.a
[ 47%] Building C object esp-idf/esp_lcd/CMakeFiles/__idf_esp_lcd.dir/src/esp_lcd_panel_io.c.obj
[ 47%] Building C object esp-idf/espcoredump/CMakeFiles/__idf_espcoredump.dir/src/core_dump_flash.c.obj
[ 47%] Building C object esp-idf/spiffs/CMakeFiles/__idf_spiffs.dir/spiffs/src/spiffs_cache.c.obj
[ 47%] Building C object esp-idf/perfmon/CMakeFiles/__idf_perfmon.dir/xtensa_perfmon_masks.c.obj
[ 47%] Building C object esp-idf/esp_driver_cam/CMakeFiles/__idf_esp_driver_cam.dir/dvp/src/esp_cam_ctlr_dvp_gdma.c.obj
[ 47%] Building C object esp-idf/console/CMakeFiles/__idf_console.dir/esp_console_common.c.obj
[ 47%] Building C object esp-idf/rt/CMakeFiles/__idf_rt.dir/FreeRTOS_POSIX_utils.c.obj
[ 47%] Built target __idf_nvs_sec_provider
[ 47%] Linking C static library libesp_https_server.a
[ 47%] Linking C static library libperfmon.a
[ 47%] Building CXX object esp-idf/wear_levelling/CMakeFiles/__idf_wear_levelling.dir/WL_Ext_Perf.cpp.obj
[ 47%] Building C object esp-idf/esp_eth/CMakeFiles/__idf_esp_eth.dir/src/phy/esp_eth_phy_802_3.c.obj
[ 47%] Building C object esp-idf/usb/CMakeFiles/__idf_usb.dir/hcd_dwc.c.obj
[ 47%] Building C object esp-idf/esp_lcd/CMakeFiles/__idf_esp_lcd.dir/src/esp_lcd_panel_nt35510.c.obj
[ 47%] Building C object esp-idf/esp_driver_cam/CMakeFiles/__idf_esp_driver_cam.dir/dvp/src/esp_cam_ctlr_dvp_cam.c.obj
[ 47%] Building C object esp-idf/spiffs/CMakeFiles/__idf_spiffs.dir/spiffs/src/spiffs_check.c.obj
[ 47%] Built target __idf_esp_https_server
[ 47%] Building C object esp-idf/console/CMakeFiles/__idf_console.dir/split_argv.c.obj
[ 47%] Building C object esp-idf/espcoredump/CMakeFiles/__idf_espcoredump.dir/src/core_dump_uart.c.obj
[ 47%] Building C object esp-idf/touch_element/CMakeFiles/__idf_touch_element.dir/touch_button.c.obj
[ 47%] Built target __idf_perfmon
[ 48%] Building C object esp-idf/spiffs/CMakeFiles/__idf_spiffs.dir/spiffs/src/spiffs_gc.c.obj
[ 48%] Linking C static library librt.a
[ 48%] Building C object esp-idf/touch_element/CMakeFiles/__idf_touch_element.dir/touch_slider.c.obj
[ 48%] Building C object esp-idf/esp_hid/CMakeFiles/__idf_esp_hid.dir/src/esp_hid_common.c.obj
[ 49%] Building CXX object esp-idf/wear_levelling/CMakeFiles/__idf_wear_levelling.dir/WL_Ext_Safe.cpp.obj
[ 49%] Building C object esp-idf/console/CMakeFiles/__idf_console.dir/linenoise/linenoise.c.obj
[ 49%] Built target __idf_rt
[ 50%] Building C object esp-idf/mqtt/CMakeFiles/__idf_mqtt.dir/esp-mqtt/lib/mqtt_msg.c.obj
[ 50%] Building C object esp-idf/esp_lcd/CMakeFiles/__idf_esp_lcd.dir/src/esp_lcd_panel_ssd1306.c.obj
[ 50%] Building C object esp-idf/espcoredump/CMakeFiles/__idf_espcoredump.dir/src/core_dump_elf.c.obj
[ 50%] Building C object esp-idf/json/CMakeFiles/__idf_json.dir/cJSON/cJSON_Utils.c.obj
[ 50%] Linking C static library libesp_hid.a
[ 50%] Building CXX object esp-idf/wear_levelling/CMakeFiles/__idf_wear_levelling.dir/WL_Flash.cpp.obj
[ 50%] Building C object esp-idf/touch_element/CMakeFiles/__idf_touch_element.dir/touch_matrix.c.obj
[ 50%] Building C object esp-idf/spiffs/CMakeFiles/__idf_spiffs.dir/spiffs/src/spiffs_hydrogen.c.obj
[ 50%] Built target __idf_esp_hid
[ 50%] Building C object esp-idf/espcoredump/CMakeFiles/__idf_espcoredump.dir/src/core_dump_binary.c.obj
[ 50%] Building C object esp-idf/esp_eth/CMakeFiles/__idf_esp_eth.dir/src/esp_eth_netif_glue.c.obj
[ 50%] Building C object esp-idf/spiffs/CMakeFiles/__idf_spiffs.dir/spiffs/src/spiffs_nucleus.c.obj
[ 50%] Building C object esp-idf/usb/CMakeFiles/__idf_usb.dir/enum.c.obj
[ 50%] Building C object esp-idf/esp_lcd/CMakeFiles/__idf_esp_lcd.dir/src/esp_lcd_panel_st7789.c.obj
[ 50%] Building C object esp-idf/mqtt/CMakeFiles/__idf_mqtt.dir/esp-mqtt/lib/mqtt_outbox.c.obj
[ 50%] Building C object esp-idf/espressif__esp_audio_codec/CMakeFiles/__idf_espressif__esp_audio_codec.dir/src/audio_decoder_reg.c.obj
[ 50%] Linking C static library libesp_driver_cam.a
[ 50%] Building C object esp-idf/console/CMakeFiles/__idf_console.dir/esp_console_repl_chip.c.obj
[ 50%] Building C object esp-idf/espcoredump/CMakeFiles/__idf_espcoredump.dir/src/core_dump_sha.c.obj
[ 50%] Building C object esp-idf/espressif__esp_audio_codec/CMakeFiles/__idf_espressif__esp_audio_codec.dir/src/audio_encoder_reg.c.obj
[ 50%] Built target __idf_esp_driver_cam
[ 51%] Linking C static library libesp_eth.a
[ 51%] Linking C static library libtouch_element.a
[ 51%] Building C object esp-idf/console/CMakeFiles/__idf_console.dir/argtable3/arg_cmd.c.obj
[ 51%] Building CXX object esp-idf/wear_levelling/CMakeFiles/__idf_wear_levelling.dir/crc32.cpp.obj
[ 51%] Building C object esp-idf/espcoredump/CMakeFiles/__idf_espcoredump.dir/src/core_dump_crc.c.obj
[ 51%] Linking C static library libjson.a
[ 51%] Building C object esp-idf/esp_lcd/CMakeFiles/__idf_esp_lcd.dir/src/esp_lcd_panel_ops.c.obj
[ 51%] Building C object esp-idf/espressif__esp_codec_dev/CMakeFiles/__idf_espressif__esp_codec_dev.dir/esp_codec_dev.c.obj
[ 51%] Building C object esp-idf/console/CMakeFiles/__idf_console.dir/argtable3/arg_date.c.obj
[ 51%] Building C object esp-idf/espressif__esp_audio_codec/CMakeFiles/__idf_espressif__esp_audio_codec.dir/src/simple_decoder_reg.c.obj
[ 51%] Building C object esp-idf/mqtt/CMakeFiles/__idf_mqtt.dir/esp-mqtt/lib/platform_esp32_idf.c.obj
[ 51%] Building C object esp-idf/spiffs/CMakeFiles/__idf_spiffs.dir/esp_spiffs.c.obj
[ 51%] Built target __idf_esp_eth
[ 51%] Building CXX object esp-idf/wear_levelling/CMakeFiles/__idf_wear_levelling.dir/wear_levelling.cpp.obj
[ 51%] Building C object esp-idf/espcoredump/CMakeFiles/__idf_espcoredump.dir/src/port/xtensa/core_dump_port.c.obj
[ 51%] Built target __idf_touch_element
[ 51%] Building C object esp-idf/usb/CMakeFiles/__idf_usb.dir/hub.c.obj
[ 51%] Building C object esp-idf/espressif__esp_codec_dev/CMakeFiles/__idf_espressif__esp_codec_dev.dir/esp_codec_dev_vol.c.obj
[ 51%] Built target __idf_json
[ 51%] Building C object esp-idf/espressif__esp_h264/CMakeFiles/__idf_espressif__esp_h264.dir/port/src/esp_h264_alloc.c.obj
[ 51%] Building C object esp-idf/console/CMakeFiles/__idf_console.dir/argtable3/arg_dbl.c.obj
[ 51%] Building C object esp-idf/tempotian__media_lib_sal/CMakeFiles/__idf_tempotian__media_lib_sal.dir/media_lib_adapter.c.obj
[ 51%] Linking C static library libprotobuf-c.a
[ 52%] Linking C static library libespressif__esp_audio_codec.a
[ 52%] Building C object esp-idf/esp_lcd/CMakeFiles/__idf_esp_lcd.dir/i2c/esp_lcd_panel_io_i2c_v1.c.obj
[ 53%] Building C object esp-idf/espressif__esp_jpeg/CMakeFiles/__idf_espressif__esp_jpeg.dir/jpeg_decoder.c.obj
[ 53%] Building C object esp-idf/espressif__esp_codec_dev/CMakeFiles/__idf_espressif__esp_codec_dev.dir/esp_codec_dev_if.c.obj
[ 53%] Built target __idf_protobuf-c
[ 53%] Built target __idf_espressif__esp_audio_codec
[ 53%] Building C object esp-idf/espressif__esp_codec_dev/CMakeFiles/__idf_espressif__esp_codec_dev.dir/audio_codec_sw_vol.c.obj
[ 53%] Linking C static library libmqtt.a
[ 53%] Building C object esp-idf/console/CMakeFiles/__idf_console.dir/argtable3/arg_dstr.c.obj
[ 53%] Linking C static library libwear_levelling.a
[ 53%] Building C object esp-idf/espressif__esp_h264/CMakeFiles/__idf_espressif__esp_h264.dir/port/src/esp_h264_cache.c.obj
[ 53%] Building C object esp-idf/tempotian__media_lib_sal/CMakeFiles/__idf_tempotian__media_lib_sal.dir/media_lib_common.c.obj
[ 53%] Building C object esp-idf/console/CMakeFiles/__idf_console.dir/argtable3/arg_end.c.obj
[ 53%] Building C object esp-idf/espressif__gmf_core/CMakeFiles/__idf_espressif__gmf_core.dir/src/esp_gmf_audio_element.c.obj
[ 53%] Linking C static library libespcoredump.a
[ 54%] Building C object esp-idf/espressif__dl_fft/CMakeFiles/__idf_espressif__dl_fft.dir/dl_fft_f32.c.obj
[ 54%] Building C object esp-idf/usb/CMakeFiles/__idf_usb.dir/usb_helpers.c.obj
[ 54%] Built target __idf_mqtt
[ 54%] Building C object esp-idf/espressif__esp_codec_dev/CMakeFiles/__idf_espressif__esp_codec_dev.dir/platform/audio_codec_gpio.c.obj
[ 54%] Built target __idf_wear_levelling
[ 54%] Building C object esp-idf/espressif__esp_h264/CMakeFiles/__idf_espressif__esp_h264.dir/interface/src/esp_h264_dec.c.obj
[ 54%] Linking C static library libespressif__esp_jpeg.a
[ 54%] Building C object esp-idf/esp_lcd/CMakeFiles/__idf_esp_lcd.dir/i2c/esp_lcd_panel_io_i2c_v2.c.obj
[ 54%] Building C object esp-idf/espressif__esp_codec_dev/CMakeFiles/__idf_espressif__esp_codec_dev.dir/platform/audio_codec_ctrl_i2c.c.obj
[ 54%] Building C object esp-idf/tempotian__media_lib_sal/CMakeFiles/__idf_tempotian__media_lib_sal.dir/media_lib_crypt.c.obj
[ 54%] Building C object esp-idf/esp_lcd/CMakeFiles/__idf_esp_lcd.dir/spi/esp_lcd_panel_io_spi.c.obj
[ 55%] Building C object esp-idf/console/CMakeFiles/__idf_console.dir/argtable3/arg_file.c.obj
[ 55%] Built target __idf_espcoredump
[ 55%] Building C object esp-idf/espressif__esp_libsrtp/CMakeFiles/__idf_espressif__esp_libsrtp.dir/libsrtp/srtp/srtp.c.obj
[ 55%] Building C object esp-idf/console/CMakeFiles/__idf_console.dir/argtable3/arg_hashtable.c.obj
[ 55%] Building C object esp-idf/espressif__dl_fft/CMakeFiles/__idf_espressif__dl_fft.dir/dl_fft_s16.c.obj
[ 55%] Building CXX object esp-idf/espressif__esp-dsp/CMakeFiles/__idf_espressif__esp-dsp.dir/modules/common/misc/dsps_pwroftwo.cpp.obj
[ 55%] Built target __idf_espressif__esp_jpeg
[ 55%] Building C object esp-idf/espressif__esp_websocket_client/CMakeFiles/__idf_espressif__esp_websocket_client.dir/esp_websocket_client.c.obj
[ 55%] Building C object esp-idf/espressif__esp_h264/CMakeFiles/__idf_espressif__esp_h264.dir/interface/src/esp_h264_dec_param.c.obj
[ 55%] Building C object esp-idf/espressif__gmf_core/CMakeFiles/__idf_espressif__gmf_core.dir/src/esp_gmf_cap.c.obj
[ 55%] Building C object esp-idf/espressif__esp_codec_dev/CMakeFiles/__idf_espressif__esp_codec_dev.dir/platform/audio_codec_data_i2s.c.obj
[ 55%] Building C object esp-idf/espressif__esp_h264/CMakeFiles/__idf_espressif__esp_h264.dir/interface/src/esp_h264_enc_dual.c.obj
[ 55%] Linking C static library libspiffs.a
[ 55%] Building C object esp-idf/tempotian__media_lib_sal/CMakeFiles/__idf_tempotian__media_lib_sal.dir/media_lib_netif.c.obj
[ 55%] Building C object esp-idf/espressif__esp_codec_dev/CMakeFiles/__idf_espressif__esp_codec_dev.dir/platform/audio_codec_ctrl_spi.c.obj
[ 55%] Building C object esp-idf/usb/CMakeFiles/__idf_usb.dir/usb_host.c.obj
[ 55%] Building C object esp-idf/espressif__dl_fft/CMakeFiles/__idf_espressif__dl_fft.dir/dl_rfft_f32.c.obj
[ 55%] Building C object esp-idf/console/CMakeFiles/__idf_console.dir/argtable3/arg_int.c.obj
[ 55%] Building C object esp-idf/console/CMakeFiles/__idf_console.dir/argtable3/arg_lit.c.obj
[ 55%] Building C object esp-idf/console/CMakeFiles/__idf_console.dir/argtable3/arg_rem.c.obj
[ 55%] Building C object esp-idf/esp_lcd/CMakeFiles/__idf_esp_lcd.dir/i80/esp_lcd_panel_io_i80.c.obj
[ 55%] Built target __idf_spiffs
[ 55%] Building C object esp-idf/espressif__esp_h264/CMakeFiles/__idf_espressif__esp_h264.dir/interface/src/esp_h264_enc_param.c.obj
[ 55%] Building C object esp-idf/espressif__esp-dsp/CMakeFiles/__idf_espressif__esp-dsp.dir/modules/common/misc/aes3_tie_log.c.obj
[ 55%] Building C object esp-idf/tempotian__media_lib_sal/CMakeFiles/__idf_tempotian__media_lib_sal.dir/media_lib_os.c.obj
[ 55%] Building C object esp-idf/espressif__gmf_core/CMakeFiles/__idf_espressif__gmf_core.dir/src/esp_gmf_element.c.obj
[ 55%] Building C object esp-idf/livekit__nanopb/CMakeFiles/__idf_livekit__nanopb.dir/src/pb_common.c.obj
[ 55%] Building C object esp-idf/espressif__dl_fft/CMakeFiles/__idf_espressif__dl_fft.dir/dl_rfft_s16.c.obj
[ 55%] Building C object esp-idf/console/CMakeFiles/__idf_console.dir/argtable3/arg_str.c.obj
[ 55%] Building C object esp-idf/console/CMakeFiles/__idf_console.dir/argtable3/arg_rex.c.obj
[ 55%] Building C object esp-idf/console/CMakeFiles/__idf_console.dir/argtable3/arg_utils.c.obj
[ 55%] Building C object esp-idf/espressif__esp_io_expander/CMakeFiles/__idf_espressif__esp_io_expander.dir/esp_io_expander.c.obj
[ 55%] Building C object esp-idf/espressif__esp_codec_dev/CMakeFiles/__idf_espressif__esp_codec_dev.dir/platform/esp_codec_dev_os.c.obj
[ 55%] Building ASM object esp-idf/espressif__esp-dsp/CMakeFiles/__idf_espressif__esp-dsp.dir/modules/dotprod/float/dsps_dotprod_f32_ae32.S.obj
[ 55%] Building C object esp-idf/espressif__esp_codec_dev/CMakeFiles/__idf_espressif__esp_codec_dev.dir/device/es8311/es8311.c.obj
[ 55%] Building C object esp-idf/espressif__esp_h264/CMakeFiles/__idf_espressif__esp_h264.dir/interface/src/esp_h264_enc_param_hw.c.obj
[ 55%] Building C object esp-idf/tempotian__media_lib_sal/CMakeFiles/__idf_tempotian__media_lib_sal.dir/media_lib_socket.c.obj
[ 55%] Building C object esp-idf/espressif__dl_fft/CMakeFiles/__idf_espressif__dl_fft.dir/base/dl_fft2r_fc32_ansi.c.obj
[ 55%] Building ASM object esp-idf/espressif__esp-dsp/CMakeFiles/__idf_espressif__esp-dsp.dir/modules/dotprod/float/dsps_dotprod_f32_m_ae32.S.obj
[ 55%] Building C object esp-idf/livekit__nanopb/CMakeFiles/__idf_livekit__nanopb.dir/src/pb_decode.c.obj
[ 55%] Building C object esp-idf/console/CMakeFiles/__idf_console.dir/argtable3/argtable3.c.obj
[ 56%] Building C object esp-idf/esp_lcd/CMakeFiles/__idf_esp_lcd.dir/rgb/esp_lcd_panel_rgb.c.obj
[ 56%] Building C object esp-idf/espressif__esp_codec_dev/CMakeFiles/__idf_espressif__esp_codec_dev.dir/device/es8156/es8156.c.obj
[ 56%] Linking C static library libespressif__esp_io_expander.a
[ 56%] Building ASM object esp-idf/espressif__esp-dsp/CMakeFiles/__idf_espressif__esp-dsp.dir/modules/dotprod/float/dsps_dotprode_f32_ae32.S.obj
[ 56%] Building C object esp-idf/usb/CMakeFiles/__idf_usb.dir/usb_private.c.obj
[ 56%] Building C object esp-idf/espressif__esp_h264/CMakeFiles/__idf_espressif__esp_h264.dir/interface/src/esp_h264_enc_single.c.obj
[ 56%] Building ASM object esp-idf/espressif__esp-dsp/CMakeFiles/__idf_espressif__esp-dsp.dir/modules/dotprod/float/dsps_dotprode_f32_m_ae32.S.obj
[ 56%] Linking C static library libespressif__esp_websocket_client.a
[ 56%] Built target __idf_espressif__esp_io_expander
[ 56%] Building C object esp-idf/espressif__esp_codec_dev/CMakeFiles/__idf_espressif__esp_codec_dev.dir/device/es7210/es7210.c.obj
[ 56%] Building C object esp-idf/espressif__esp_codec_dev/CMakeFiles/__idf_espressif__esp_codec_dev.dir/device/es7243e/es7243e.c.obj
[ 56%] Building C object esp-idf/tempotian__media_lib_sal/CMakeFiles/__idf_tempotian__media_lib_sal.dir/media_lib_tls.c.obj
[ 56%] Building C object esp-idf/espressif__gmf_core/CMakeFiles/__idf_espressif__gmf_core.dir/src/esp_gmf_event.c.obj
[ 56%] Building C object esp-idf/usb/CMakeFiles/__idf_usb.dir/usbh.c.obj
[ 56%] Building CXX object esp-idf/rlottie/rlottie/CMakeFiles/rlottie.dir/src/vector/freetype/v_ft_math.cpp.obj
[ 56%] Building C object esp-idf/espressif__esp-dsp/CMakeFiles/__idf_espressif__esp-dsp.dir/modules/dotprod/float/dsps_dotprod_f32_ansi.c.obj
[ 56%] Building C object esp-idf/espressif__dl_fft/CMakeFiles/__idf_espressif__dl_fft.dir/base/dl_fft4r_fc32_ansi.c.obj
[ 56%] Building C object esp-idf/espressif__esp_codec_dev/CMakeFiles/__idf_espressif__esp_codec_dev.dir/device/es7243/es7243.c.obj
[ 56%] Building C object esp-idf/espressif__esp_h264/CMakeFiles/__idf_espressif__esp_h264.dir/interface/src/esp_h264_version.c.obj
[ 56%] Built target __idf_espressif__esp_websocket_client
[ 56%] Building C object esp-idf/usb/CMakeFiles/__idf_usb.dir/usb_phy.c.obj
[ 56%] Building C object esp-idf/tempotian__media_lib_sal/CMakeFiles/__idf_tempotian__media_lib_sal.dir/port/data_queue.c.obj
[ 56%] Building C object esp-idf/espressif__button/CMakeFiles/__idf_espressif__button.dir/button_gpio.c.obj
[ 56%] Building C object esp-idf/espressif__esp_h264/CMakeFiles/__idf_espressif__esp_h264.dir/sw/src/esp_h264_dec_sw.c.obj
[ 56%] Building C object esp-idf/espressif__gmf_core/CMakeFiles/__idf_espressif__gmf_core.dir/src/esp_gmf_io.c.obj
[ 56%] Building C object esp-idf/espressif__esp-dsp/CMakeFiles/__idf_espressif__esp-dsp.dir/modules/dotprod/float/dsps_dotprode_f32_ansi.c.obj
[ 56%] Building C object esp-idf/espressif__esp_codec_dev/CMakeFiles/__idf_espressif__esp_codec_dev.dir/device/es8388/es8388.c.obj
[ 56%] Building C object esp-idf/livekit__nanopb/CMakeFiles/__idf_livekit__nanopb.dir/src/pb_encode.c.obj
[ 56%] Building C object esp-idf/espressif__button/CMakeFiles/__idf_espressif__button.dir/iot_button.c.obj
[ 56%] Building C object esp-idf/espressif__esp_h264/CMakeFiles/__idf_espressif__esp_h264.dir/sw/src/esp_h264_enc_single_sw.c.obj
[ 56%] Building C object esp-idf/espressif__esp_codec_dev/CMakeFiles/__idf_espressif__esp_codec_dev.dir/device/tas5805m/tas5805m.c.obj
[ 57%] Building ASM object esp-idf/espressif__esp-dsp/CMakeFiles/__idf_espressif__esp-dsp.dir/modules/dotprod/float/dsps_dotprod_f32_aes3.S.obj
[ 57%] Building CXX object esp-idf/rlottie/rlottie/CMakeFiles/rlottie.dir/src/vector/freetype/v_ft_raster.cpp.obj
[ 57%] Building C object esp-idf/espressif__dl_fft/CMakeFiles/__idf_espressif__dl_fft.dir/base/dl_fft2r_sc16_ansi.c.obj
[ 57%] Linking C static library libconsole.a
[ 57%] Building C object esp-idf/espressif__esp_codec_dev/CMakeFiles/__idf_espressif__esp_codec_dev.dir/device/es8374/es8374.c.obj
[ 57%] Building C object esp-idf/tempotian__media_lib_sal/CMakeFiles/__idf_tempotian__media_lib_sal.dir/port/media_lib_crypt_default.c.obj
[ 57%] Building ASM object esp-idf/espressif__esp-dsp/CMakeFiles/__idf_espressif__esp-dsp.dir/modules/dotprod/float/dsps_dotprod_f32_arp4.S.obj
[ 57%] Building C object esp-idf/espressif__gmf_core/CMakeFiles/__idf_espressif__gmf_core.dir/src/esp_gmf_node.c.obj
[ 57%] Building ASM object esp-idf/espressif__esp-dsp/CMakeFiles/__idf_espressif__esp-dsp.dir/modules/dotprod/float/dsps_dotprode_f32_arp4.S.obj
[ 57%] Building C object esp-idf/espressif__esp_libsrtp/CMakeFiles/__idf_espressif__esp_libsrtp.dir/libsrtp/crypto/cipher/cipher.c.obj
[ 57%] Linking C static library libusb.a
[ 58%] Building C object esp-idf/espressif__esp_codec_dev/CMakeFiles/__idf_espressif__esp_codec_dev.dir/device/aw88298/aw88298.c.obj
[ 58%] Building C object esp-idf/espressif__esp_codec_dev/CMakeFiles/__idf_espressif__esp_codec_dev.dir/device/es8389/es8389.c.obj
[ 58%] Building C object esp-idf/espressif__esp_h264/CMakeFiles/__idf_espressif__esp_h264.dir/sw/src/esp_h264_enc_sw_param.c.obj
[ 58%] Building ASM object esp-idf/espressif__esp-dsp/CMakeFiles/__idf_espressif__esp-dsp.dir/modules/dotprod/fixed/dsps_dotprod_s16_ae32.S.obj
[ 59%] Building C object esp-idf/tempotian__media_lib_sal/CMakeFiles/__idf_tempotian__media_lib_sal.dir/port/media_lib_netif_default.c.obj
[ 59%] Built target __idf_console
[ 59%] Building ASM object esp-idf/espressif__esp-dsp/CMakeFiles/__idf_espressif__esp-dsp.dir/modules/dotprod/fixed/dsps_dotprod_s16_m_ae32.S.obj
[ 59%] Linking C static library liblivekit__nanopb.a
[ 59%] Linking C static library libesp_lcd.a
[ 59%] Building C object esp-idf/espressif__gmf_core/CMakeFiles/__idf_espressif__gmf_core.dir/src/esp_gmf_obj.c.obj
[ 59%] Building C object esp-idf/espressif__esp-dsp/CMakeFiles/__idf_espressif__esp-dsp.dir/modules/dotprod/fixed/dsps_dotprod_s16_ansi.c.obj
[ 59%] Built target __idf_usb
[ 59%] Building C object esp-idf/espressif__knob/CMakeFiles/__idf_espressif__knob.dir/iot_knob.c.obj
[ 59%] Building ASM object esp-idf/espressif__esp-dsp/CMakeFiles/__idf_espressif__esp-dsp.dir/modules/dotprod/fixed/dsps_dotprod_s16_arp4.S.obj
[ 59%] Building C object esp-idf/espressif__esp_h264/CMakeFiles/__idf_espressif__esp_h264.dir/sw/src/h264_color_convert.c.obj
[ 59%] Building C object esp-idf/espressif__dl_fft/CMakeFiles/__idf_espressif__dl_fft.dir/base/dl_fft_base.c.obj
[ 59%] Building C object esp-idf/espressif__led_strip/CMakeFiles/__idf_espressif__led_strip.dir/src/led_strip_api.c.obj
[ 59%] Building C object esp-idf/espressif__button/CMakeFiles/__idf_espressif__button.dir/button_matrix.c.obj
[ 59%] Built target __idf_livekit__nanopb
[ 59%] Building C object esp-idf/espressif__led_strip/CMakeFiles/__idf_espressif__led_strip.dir/src/led_strip_rmt_dev.c.obj
[ 59%] Building C object esp-idf/espressif__esp-dsp/CMakeFiles/__idf_espressif__esp-dsp.dir/modules/dotprod/float/dspi_dotprod_f32_ansi.c.obj
[ 59%] Building CXX object esp-idf/rlottie/rlottie/CMakeFiles/rlottie.dir/src/vector/freetype/v_ft_stroker.cpp.obj
[ 59%] Built target __idf_esp_lcd
[ 59%] Building C object esp-idf/espressif__esp_libsrtp/CMakeFiles/__idf_espressif__esp_libsrtp.dir/libsrtp/crypto/cipher/null_cipher.c.obj
[ 59%] Building C object esp-idf/espressif__gmf_core/CMakeFiles/__idf_espressif__gmf_core.dir/src/esp_gmf_payload.c.obj
[ 59%] Building C object esp-idf/espressif__esp-dsp/CMakeFiles/__idf_espressif__esp-dsp.dir/modules/dotprod/float/dspi_dotprod_off_f32_ansi.c.obj
[ 59%] Building C object esp-idf/tempotian__media_lib_sal/CMakeFiles/__idf_tempotian__media_lib_sal.dir/port/media_lib_os_freertos.c.obj
[ 59%] Building ASM object esp-idf/espressif__esp_h264/CMakeFiles/__idf_espressif__esp_h264.dir/sw/src/asm/esp32s3/h264_color_convert.S.obj
[ 59%] Building C object esp-idf/sscma_client/CMakeFiles/__idf_sscma_client.dir/src/sscma_client_ops.c.obj
[ 59%] Building C object esp-idf/espressif__button/CMakeFiles/__idf_espressif__button.dir/button_adc.c.obj
[ 59%] Building C object esp-idf/app_trace/CMakeFiles/__idf_app_trace.dir/app_trace.c.obj
[ 59%] Building ASM object esp-idf/espressif__dl_fft/CMakeFiles/__idf_espressif__dl_fft.dir/base/isa/esp32s3/dl_fft2r_fc32_aes3.S.obj
[ 59%] Linking C static library libespressif__knob.a
[ 59%] Linking C static library libespressif__esp_h264.a
[ 59%] Building C object esp-idf/espressif__led_strip/CMakeFiles/__idf_espressif__led_strip.dir/src/led_strip_rmt_encoder.c.obj
[ 59%] Building C object esp-idf/espressif__esp-dsp/CMakeFiles/__idf_espressif__esp-dsp.dir/modules/dotprod/fixed/dspi_dotprod_s16_ansi.c.obj
[ 59%] Building C object esp-idf/espressif__led_strip/CMakeFiles/__idf_espressif__led_strip.dir/src/led_strip_spi_dev.c.obj
[ 59%] Building C object esp-idf/espressif__esp-dsp/CMakeFiles/__idf_espressif__esp-dsp.dir/modules/dotprod/fixed/dspi_dotprod_u16_ansi.c.obj
[ 59%] Building C object esp-idf/espressif__gmf_core/CMakeFiles/__idf_espressif__gmf_core.dir/src/esp_gmf_pic_element.c.obj
[ 59%] Building ASM object esp-idf/espressif__dl_fft/CMakeFiles/__idf_espressif__dl_fft.dir/base/isa/esp32s3/dl_fft4r_fc32_aes3.S.obj
[ 59%] Linking C static library libespressif__esp_codec_dev.a
[ 59%] Building C object esp-idf/espressif__esp_libsrtp/CMakeFiles/__idf_espressif__esp_libsrtp.dir/libsrtp/crypto/cipher/aes.c.obj
[ 59%] Building CXX object esp-idf/rlottie/rlottie/CMakeFiles/rlottie.dir/src/vector/stb/stb_image.cpp.obj
[ 59%] Building C object esp-idf/tempotian__media_lib_sal/CMakeFiles/__idf_tempotian__media_lib_sal.dir/port/media_lib_socket_default.c.obj
[ 59%] Built target __idf_espressif__knob
[ 59%] Linking C static library libespressif__button.a
[ 59%] Building C object esp-idf/sscma_client/CMakeFiles/__idf_sscma_client.dir/src/sscma_client_io.c.obj
[ 59%] Built target __idf_espressif__esp_h264
[ 59%] Building C object esp-idf/espressif__esp-dsp/CMakeFiles/__idf_espressif__esp-dsp.dir/modules/dotprod/fixed/dspi_dotprod_s8_ansi.c.obj
[ 59%] Linking C static library libespressif__dl_fft.a
[ 59%] Building C object esp-idf/espressif__esp-dsp/CMakeFiles/__idf_espressif__esp-dsp.dir/modules/dotprod/fixed/dspi_dotprod_u8_ansi.c.obj
[ 59%] Building C object esp-idf/unity/CMakeFiles/__idf_unity.dir/unity/src/unity.c.obj
[ 59%] Building C object esp-idf/app_trace/CMakeFiles/__idf_app_trace.dir/app_trace_util.c.obj
[ 59%] Building C object esp-idf/protocomm/CMakeFiles/__idf_protocomm.dir/src/common/protocomm.c.obj
[ 59%] Built target __idf_espressif__button
[ 59%] Building C object esp-idf/espressif__gmf_core/CMakeFiles/__idf_espressif__gmf_core.dir/src/esp_gmf_pipeline.c.obj
[ 59%] Building C object esp-idf/espressif__esp_libsrtp/CMakeFiles/__idf_espressif__esp_libsrtp.dir/libsrtp/crypto/cipher/aes_icm.c.obj
[ 59%] Built target __idf_espressif__esp_codec_dev
[ 59%] Linking C static library libespressif__led_strip.a
[ 59%] Built target __idf_espressif__dl_fft
[ 59%] Building C object esp-idf/espressif__esp-dsp/CMakeFiles/__idf_espressif__esp-dsp.dir/modules/dotprod/fixed/dspi_dotprod_off_s16_ansi.c.obj
[ 59%] Building C object esp-idf/espressif__esp-dsp/CMakeFiles/__idf_espressif__esp-dsp.dir/modules/dotprod/fixed/dspi_dotprod_off_u16_ansi.c.obj
[ 59%] Building C object esp-idf/tempotian__media_lib_sal/CMakeFiles/__idf_tempotian__media_lib_sal.dir/port/media_lib_tls_default.c.obj
[ 59%] Building C object esp-idf/fatfs/CMakeFiles/__idf_fatfs.dir/diskio/diskio.c.obj
[ 59%] Building C object esp-idf/tempotian__media_lib_sal/CMakeFiles/__idf_tempotian__media_lib_sal.dir/port/msg_q.c.obj
[ 59%] Building C object esp-idf/sscma_client/CMakeFiles/__idf_sscma_client.dir/src/sscma_client_io_i2c.c.obj
[ 59%] Building C object esp-idf/app_trace/CMakeFiles/__idf_app_trace.dir/host_file_io.c.obj
[ 59%] Building C object esp-idf/espressif__esp_video_codec/CMakeFiles/__idf_espressif__esp_video_codec.dir/src/esp_video_enc_default.c.obj
[ 59%] Built target __idf_espressif__led_strip
[ 59%] Building C object esp-idf/unity/CMakeFiles/__idf_unity.dir/unity_compat.c.obj
[ 59%] Building C object esp-idf/espressif__esp_video_codec/CMakeFiles/__idf_espressif__esp_video_codec.dir/src/esp_video_dec_default.c.obj
[ 59%] Building C object esp-idf/espressif__esp-dsp/CMakeFiles/__idf_espressif__esp-dsp.dir/modules/dotprod/fixed/dspi_dotprod_off_s8_ansi.c.obj
[ 59%] Building C object esp-idf/espressif__esp-dsp/CMakeFiles/__idf_espressif__esp-dsp.dir/modules/dotprod/fixed/dspi_dotprod_off_u8_ansi.c.obj
[ 59%] Building C object esp-idf/protocomm/CMakeFiles/__idf_protocomm.dir/proto-c/constants.pb-c.c.obj
[ 59%] Building C object esp-idf/app_trace/CMakeFiles/__idf_app_trace.dir/port/port_uart.c.obj
[ 59%] Building C object esp-idf/unity/CMakeFiles/__idf_unity.dir/unity_runner.c.obj
[ 59%] Building C object esp-idf/espressif__esp_libsrtp/CMakeFiles/__idf_espressif__esp_libsrtp.dir/libsrtp/crypto/cipher/cipher_test_cases.c.obj
[ 59%] Building C object esp-idf/fatfs/CMakeFiles/__idf_fatfs.dir/diskio/diskio_rawflash.c.obj
[ 59%] Building C object esp-idf/tempotian__media_lib_sal/CMakeFiles/__idf_tempotian__media_lib_sal.dir/mem_trace/media_lib_mem_his.c.obj
[ 59%] Building C object esp-idf/espressif__esp_video_codec/CMakeFiles/__idf_espressif__esp_video_codec.dir/src/esp_video_enc.c.obj
[ 59%] Building C object esp-idf/tempotian__media_lib_sal/CMakeFiles/__idf_tempotian__media_lib_sal.dir/mem_trace/media_lib_mem_trace.c.obj
[ 59%] Building C object esp-idf/sscma_client/CMakeFiles/__idf_sscma_client.dir/src/sscma_client_io_spi.c.obj
[ 59%] Building C object esp-idf/espressif__esp_libsrtp/CMakeFiles/__idf_espressif__esp_libsrtp.dir/libsrtp/crypto/hash/auth.c.obj
[ 59%] Building ASM object esp-idf/espressif__esp-dsp/CMakeFiles/__idf_espressif__esp-dsp.dir/modules/dotprod/fixed/dspi_dotprod_s16_aes3.S.obj
[ 59%] Building ASM object esp-idf/espressif__esp-dsp/CMakeFiles/__idf_espressif__esp-dsp.dir/modules/dotprod/fixed/dspi_dotprod_u16_aes3.S.obj
[ 59%] Building C object esp-idf/protocomm/CMakeFiles/__idf_protocomm.dir/proto-c/sec0.pb-c.c.obj
[ 59%] Building C object esp-idf/espressif__gmf_core/CMakeFiles/__idf_espressif__gmf_core.dir/src/esp_gmf_pool.c.obj
[ 60%] Building ASM object esp-idf/espressif__esp-dsp/CMakeFiles/__idf_espressif__esp-dsp.dir/modules/dotprod/fixed/dspi_dotprod_off_s16_aes3.S.obj
[ 60%] Linking C static library libapp_trace.a
[ 60%] Building ASM object esp-idf/espressif__esp-dsp/CMakeFiles/__idf_espressif__esp-dsp.dir/modules/dotprod/fixed/dspi_dotprod_off_u16_aes3.S.obj
[ 60%] Building C object esp-idf/fatfs/CMakeFiles/__idf_fatfs.dir/diskio/diskio_wl.c.obj
[ 60%] Building C object esp-idf/sscma_client/CMakeFiles/__idf_sscma_client.dir/src/sscma_client_io_uart.c.obj
[ 60%] Building C object esp-idf/espressif__esp_video_codec/CMakeFiles/__idf_espressif__esp_video_codec.dir/src/esp_video_dec.c.obj
[ 60%] Building C object esp-idf/unity/CMakeFiles/__idf_unity.dir/unity_utils_freertos.c.obj
[ 60%] Building C object esp-idf/espressif__esp_libsrtp/CMakeFiles/__idf_espressif__esp_libsrtp.dir/libsrtp/crypto/hash/null_auth.c.obj
[ 60%] Building C object esp-idf/espressif__esp32-camera/CMakeFiles/__idf_espressif__esp32-camera.dir/conversions/yuv.c.obj
[ 60%] Building ASM object esp-idf/espressif__esp-dsp/CMakeFiles/__idf_espressif__esp-dsp.dir/modules/dotprod/fixed/dspi_dotprod_s8_aes3.S.obj
[ 60%] Building ASM object esp-idf/espressif__esp-dsp/CMakeFiles/__idf_espressif__esp-dsp.dir/modules/dotprod/fixed/dspi_dotprod_u8_aes3.S.obj
[ 60%] Building C object esp-idf/protocomm/CMakeFiles/__idf_protocomm.dir/proto-c/sec1.pb-c.c.obj
[ 60%] Built target __idf_app_trace
[ 60%] Building CXX object esp-idf/rlottie/rlottie/CMakeFiles/rlottie.dir/src/vector/vrect.cpp.obj
[ 60%] Building C object esp-idf/unity/CMakeFiles/__idf_unity.dir/unity_utils_cache.c.obj
[ 60%] Building CXX object esp-idf/espressif__esp32-camera/CMakeFiles/__idf_espressif__esp32-camera.dir/conversions/to_jpg.cpp.obj
[ 60%] Building ASM object esp-idf/espressif__esp-dsp/CMakeFiles/__idf_espressif__esp-dsp.dir/modules/dotprod/fixed/dspi_dotprod_off_u8_aes3.S.obj
[ 60%] Building ASM object esp-idf/espressif__esp-dsp/CMakeFiles/__idf_espressif__esp-dsp.dir/modules/dotprod/fixed/dspi_dotprod_off_s8_aes3.S.obj
[ 60%] Building C object esp-idf/espressif__esp_video_codec/CMakeFiles/__idf_espressif__esp_video_codec.dir/src/esp_video_codec_version.c.obj
[ 60%] Linking C static library libtempotian__media_lib_sal.a
[ 60%] Building C object esp-idf/espressif__esp_libsrtp/CMakeFiles/__idf_espressif__esp_libsrtp.dir/libsrtp/crypto/hash/hmac.c.obj
[ 60%] Building C object esp-idf/sscma_client/CMakeFiles/__idf_sscma_client.dir/src/sscma_client_flasher.c.obj
[ 60%] Building C object esp-idf/fatfs/CMakeFiles/__idf_fatfs.dir/src/ff.c.obj
[ 60%] Building C object esp-idf/espressif__gmf_core/CMakeFiles/__idf_espressif__gmf_core.dir/src/esp_gmf_port.c.obj
[ 60%] Building C object esp-idf/unity/CMakeFiles/__idf_unity.dir/unity_utils_memory.c.obj
[ 60%] Building C object esp-idf/protocomm/CMakeFiles/__idf_protocomm.dir/proto-c/sec2.pb-c.c.obj
[ 60%] Building C object esp-idf/sscma_client/CMakeFiles/__idf_sscma_client.dir/src/sscma_client_flasher_we2_uart.c.obj
[ 60%] Building ASM object esp-idf/espressif__esp-dsp/CMakeFiles/__idf_espressif__esp-dsp.dir/modules/dotprod/fixed/dspi_dotprod_s16_arp4.S.obj
[ 60%] Building ASM object esp-idf/espressif__esp-dsp/CMakeFiles/__idf_espressif__esp-dsp.dir/modules/dotprod/fixed/dspi_dotprod_s8_arp4.S.obj
[ 60%] Building C object esp-idf/espressif__esp_video_codec/CMakeFiles/__idf_espressif__esp_video_codec.dir/src/video_codec_utils.c.obj
[ 60%] Building C object esp-idf/espressif__esp_libsrtp/CMakeFiles/__idf_espressif__esp_libsrtp.dir/libsrtp/crypto/hash/sha1.c.obj
[ 60%] Building ASM object esp-idf/espressif__esp-dsp/CMakeFiles/__idf_espressif__esp-dsp.dir/modules/dotprod/fixed/dspi_dotprod_u16_arp4.S.obj
[ 60%] Built target __idf_tempotian__media_lib_sal
[ 60%] Building C object esp-idf/espressif__esp32-camera/CMakeFiles/__idf_espressif__esp32-camera.dir/conversions/to_bmp.c.obj
[ 60%] Building C object esp-idf/espressif__esp_lcd_spd2010/CMakeFiles/__idf_espressif__esp_lcd_spd2010.dir/esp_lcd_spd2010.c.obj
[ 60%] Building C object esp-idf/espressif__esp_lcd_touch/CMakeFiles/__idf_espressif__esp_lcd_touch.dir/esp_lcd_touch.c.obj
[ 60%] Building ASM object esp-idf/espressif__esp-dsp/CMakeFiles/__idf_espressif__esp-dsp.dir/modules/dotprod/fixed/dspi_dotprod_u8_arp4.S.obj
[ 60%] Building C object esp-idf/protocomm/CMakeFiles/__idf_protocomm.dir/proto-c/session.pb-c.c.obj
[ 60%] Building CXX object esp-idf/rlottie/rlottie/CMakeFiles/rlottie.dir/src/vector/vdasher.cpp.obj
[ 60%] Building C object esp-idf/espressif__esp_video_codec/CMakeFiles/__idf_espressif__esp_video_codec.dir/src/video_codec_reg.c.obj
[ 60%] Building C object esp-idf/unity/CMakeFiles/__idf_unity.dir/unity_port_esp32.c.obj
[ 60%] Building ASM object esp-idf/espressif__esp-dsp/CMakeFiles/__idf_espressif__esp-dsp.dir/modules/dotprod/fixed/dspi_dotprod_off_s16_arp4.S.obj
[ 60%] Building C object esp-idf/espressif__esp_libsrtp/CMakeFiles/__idf_espressif__esp_libsrtp.dir/libsrtp/crypto/hash/auth_test_cases.c.obj
[ 60%] Building C object esp-idf/espressif__gmf_core/CMakeFiles/__idf_espressif__gmf_core.dir/src/esp_gmf_task.c.obj
[ 60%] Building C object esp-idf/fatfs/CMakeFiles/__idf_fatfs.dir/src/ffunicode.c.obj
[ 60%] Building C object esp-idf/protocomm/CMakeFiles/__idf_protocomm.dir/src/transports/protocomm_console.c.obj
[ 60%] Building ASM object esp-idf/espressif__esp-dsp/CMakeFiles/__idf_espressif__esp-dsp.dir/modules/dotprod/fixed/dspi_dotprod_off_u16_arp4.S.obj
[ 61%] Building C object esp-idf/espressif__esp_libsrtp/CMakeFiles/__idf_espressif__esp_libsrtp.dir/libsrtp/crypto/kernel/alloc.c.obj
[ 61%] Building CXX object esp-idf/espressif__esp32-camera/CMakeFiles/__idf_espressif__esp32-camera.dir/conversions/jpge.cpp.obj
[ 61%] Building C object esp-idf/sscma_client/CMakeFiles/__idf_sscma_client.dir/src/sscma_client_flasher_we2_spi.c.obj
[ 62%] Building C object esp-idf/unity/CMakeFiles/__idf_unity.dir/port/esp/unity_utils_memory_esp.c.obj
[ 63%] Building C object esp-idf/espressif__esp_video_codec/CMakeFiles/__idf_espressif__esp_video_codec.dir/src/decoder/esp_video_dec_sw_mjpeg.c.obj
[ 63%] Building ASM object esp-idf/espressif__esp-dsp/CMakeFiles/__idf_espressif__esp-dsp.dir/modules/dotprod/fixed/dspi_dotprod_off_s8_arp4.S.obj
[ 63%] Building C object esp-idf/espressif__esp_libsrtp/CMakeFiles/__idf_espressif__esp_libsrtp.dir/libsrtp/crypto/kernel/crypto_kernel.c.obj
[ 63%] Linking C static library libespressif__esp_lcd_spd2010.a
[ 63%] Linking C static library libespressif__esp_lcd_touch.a
[ 63%] Building C object esp-idf/fatfs/CMakeFiles/__idf_fatfs.dir/port/freertos/ffsystem.c.obj
[ 63%] Building ASM object esp-idf/espressif__esp-dsp/CMakeFiles/__idf_espressif__esp-dsp.dir/modules/dotprod/fixed/dspi_dotprod_off_u8_arp4.S.obj
[ 63%] Linking C static library libunity.a
[ 63%] Built target __idf_espressif__esp_lcd_spd2010
[ 63%] Built target __idf_espressif__esp_lcd_touch
[ 63%] Building C object esp-idf/espressif__esp_video_codec/CMakeFiles/__idf_espressif__esp_video_codec.dir/src/decoder/esp_video_dec_sw_h264.c.obj
[ 63%] Building C object esp-idf/protocomm/CMakeFiles/__idf_protocomm.dir/src/transports/protocomm_httpd.c.obj
[ 63%] Building ASM object esp-idf/espressif__esp-dsp/CMakeFiles/__idf_espressif__esp-dsp.dir/modules/matrix/mul/float/dspm_mult_3x3x1_f32_ae32.S.obj
[ 63%] Building C object esp-idf/esp_io_expander_pca95xx_16bit/CMakeFiles/__idf_esp_io_expander_pca95xx_16bit.dir/esp_io_expander_pca95xx_16bit.c.obj
[ 63%] Building CXX object esp-idf/rlottie/rlottie/CMakeFiles/rlottie.dir/src/vector/vbrush.cpp.obj
[ 63%] Building C object esp-idf/espressif__esp_lcd_touch_spd2010/CMakeFiles/__idf_espressif__esp_lcd_touch_spd2010.dir/esp_lcd_touch_spd2010.c.obj
[ 63%] Building C object esp-idf/espressif__esp_libsrtp/CMakeFiles/__idf_espressif__esp_libsrtp.dir/libsrtp/crypto/kernel/err.c.obj
[ 63%] Building C object esp-idf/fatfs/CMakeFiles/__idf_fatfs.dir/diskio/diskio_sdmmc.c.obj
[ 63%] Building C object esp-idf/espressif__gmf_core/CMakeFiles/__idf_espressif__gmf_core.dir/src/esp_gmf_video_element.c.obj
[ 63%] Built target __idf_unity
[ 63%] Building C object esp-idf/espressif__esp_libsrtp/CMakeFiles/__idf_espressif__esp_libsrtp.dir/libsrtp/crypto/kernel/key.c.obj
[ 63%] Building ASM object esp-idf/espressif__esp-dsp/CMakeFiles/__idf_espressif__esp-dsp.dir/modules/matrix/mul/float/dspm_mult_3x3x3_f32_ae32.S.obj
[ 63%] Building C object esp-idf/espressif__esp_video_codec/CMakeFiles/__idf_espressif__esp_video_codec.dir/src/encoder/esp_video_enc_sw_mjpeg.c.obj
[ 63%] Linking C static library libsscma_client.a
[ 63%] Building C object esp-idf/cmock/CMakeFiles/__idf_cmock.dir/CMock/src/cmock.c.obj
/Users/light/dev/web-apps/aligned-tools/hardware/watcher-firmware/components/esp_io_expander_pca95xx_16bit/esp_io_expander_pca95xx_16bit.c: In function 'esp_io_expander_new_i2c_pca95xx_16bit':
/Users/light/dev/web-apps/aligned-tools/hardware/watcher-firmware/components/esp_io_expander_pca95xx_16bit/esp_io_expander_pca95xx_16bit.c:102:15: warning: variable 'ret' set but not used [-Wunused-but-set-variable]
  102 |     esp_err_t ret = ESP_OK;
      |               ^~~
/Users/light/dev/web-apps/aligned-tools/hardware/watcher-firmware/components/esp_io_expander_pca95xx_16bit/esp_io_expander_pca95xx_16bit.c: In function 'esp_io_expander_new_i2c_pca95xx_16bit_ex':
/Users/light/dev/web-apps/aligned-tools/hardware/watcher-firmware/components/esp_io_expander_pca95xx_16bit/esp_io_expander_pca95xx_16bit.c:141:15: warning: variable 'ret' set but not used [-Wunused-but-set-variable]
  141 |     esp_err_t ret = ESP_OK;
      |               ^~~
[ 63%] Building ASM object esp-idf/espressif__esp-dsp/CMakeFiles/__idf_espressif__esp-dsp.dir/modules/matrix/mul/float/dspm_mult_4x4x1_f32_ae32.S.obj
[ 63%] Linking C static library libesp_io_expander_pca95xx_16bit.a
[ 63%] Building C object esp-idf/espressif__esp_libsrtp/CMakeFiles/__idf_espressif__esp_libsrtp.dir/libsrtp/crypto/math/datatypes.c.obj
[ 63%] Built target __idf_sscma_client
[ 63%] Building C object esp-idf/espressif__gmf_core/CMakeFiles/__idf_espressif__gmf_core.dir/oal/esp_gmf_oal_mem.c.obj
[ 63%] Building C object esp-idf/espressif__esp_video_codec/CMakeFiles/__idf_espressif__esp_video_codec.dir/src/encoder/esp_video_enc_sw_h264.c.obj
[ 63%] Building C object esp-idf/fatfs/CMakeFiles/__idf_fatfs.dir/vfs/vfs_fat.c.obj
[ 63%] Building C object esp-idf/espressif__esp_libsrtp/CMakeFiles/__idf_espressif__esp_libsrtp.dir/libsrtp/crypto/replay/rdb.c.obj
[ 63%] Linking C static library libcmock.a
[ 63%] Building C object esp-idf/espressif__esp32-camera/CMakeFiles/__idf_espressif__esp32-camera.dir/driver/esp_camera.c.obj
[ 63%] Building C object esp-idf/fatfs/CMakeFiles/__idf_fatfs.dir/vfs/vfs_fat_sdmmc.c.obj
[ 63%] Building ASM object esp-idf/espressif__esp-dsp/CMakeFiles/__idf_espressif__esp-dsp.dir/modules/matrix/mul/float/dspm_mult_4x4x4_f32_ae32.S.obj
[ 63%] Building C object esp-idf/protocomm/CMakeFiles/__idf_protocomm.dir/src/security/security0.c.obj
[ 63%] Linking C static library libespressif__esp_lcd_touch_spd2010.a
[ 63%] Building C object esp-idf/fatfs/CMakeFiles/__idf_fatfs.dir/vfs/vfs_fat_spiflash.c.obj
[ 63%] Built target __idf_esp_io_expander_pca95xx_16bit
[ 63%] Building ASM object esp-idf/espressif__esp-dsp/CMakeFiles/__idf_espressif__esp-dsp.dir/modules/matrix/mul/float/dspm_mult_f32_ae32.S.obj
[ 63%] Building ASM object esp-idf/espressif__esp-dsp/CMakeFiles/__idf_espressif__esp-dsp.dir/modules/matrix/mul/float/dspm_mult_f32_aes3.S.obj
[ 63%] Built target __idf_cmock
[ 63%] Linking C static library libespressif__esp_video_codec.a
[ 63%] Building C object esp-idf/espressif__gmf_core/CMakeFiles/__idf_espressif__gmf_core.dir/oal/esp_gmf_oal_mutex.c.obj
[ 63%] Building CXX object esp-idf/rlottie/rlottie/CMakeFiles/rlottie.dir/src/vector/vbitmap.cpp.obj
[ 63%] Building CXX object esp-idf/rlottie/rlottie/CMakeFiles/rlottie.dir/src/vector/vpainter.cpp.obj
[ 64%] Building C object esp-idf/espressif__esp-dsp/CMakeFiles/__idf_espressif__esp-dsp.dir/modules/matrix/mul/float/dspm_mult_f32_ansi.c.obj
[ 64%] Building C object esp-idf/espressif__esp_libsrtp/CMakeFiles/__idf_espressif__esp_libsrtp.dir/libsrtp/crypto/replay/rdbx.c.obj
[ 64%] Building ASM object esp-idf/espressif__esp-dsp/CMakeFiles/__idf_espressif__esp-dsp.dir/modules/matrix/mul/float/dspm_mult_f32_arp4.S.obj
[ 64%] Built target __idf_espressif__esp_lcd_touch_spd2010
[ 64%] Building C object esp-idf/espressif__esp32-camera/CMakeFiles/__idf_espressif__esp32-camera.dir/driver/cam_hal.c.obj
[ 65%] Building C object esp-idf/protocomm/CMakeFiles/__idf_protocomm.dir/src/security/security1.c.obj
[ 65%] Building C object esp-idf/protocomm/CMakeFiles/__idf_protocomm.dir/src/security/security2.c.obj
[ 65%] Building C object esp-idf/espressif__gmf_core/CMakeFiles/__idf_espressif__gmf_core.dir/oal/esp_gmf_oal_sys.c.obj
[ 65%] Built target __idf_espressif__esp_video_codec
[ 65%] Building C object esp-idf/espressif__esp-dsp/CMakeFiles/__idf_espressif__esp-dsp.dir/modules/matrix/mul/float/dspm_mult_ex_f32_ansi.c.obj
[ 66%] Building C object esp-idf/espressif__gmf_core/CMakeFiles/__idf_espressif__gmf_core.dir/oal/esp_gmf_oal_thread.c.obj
[ 66%] Building CXX object esp-idf/rlottie/rlottie/CMakeFiles/rlottie.dir/src/vector/vdrawhelper_common.cpp.obj
[ 66%] Building ASM object esp-idf/espressif__esp-dsp/CMakeFiles/__idf_espressif__esp-dsp.dir/modules/matrix/mul/float/dspm_mult_ex_f32_ae32.S.obj
[ 66%] Building CXX object esp-idf/rlottie/rlottie/CMakeFiles/rlottie.dir/src/vector/vdrawhelper.cpp.obj
[ 66%] Building CXX object esp-idf/rlottie/rlottie/CMakeFiles/rlottie.dir/src/vector/vdrawhelper_sse2.cpp.obj
[ 66%] Building C object esp-idf/espressif__esp32-camera/CMakeFiles/__idf_espressif__esp32-camera.dir/driver/sensor.c.obj
[ 66%] Linking C static library libespressif__esp_libsrtp.a
[ 66%] Building ASM object esp-idf/espressif__esp-dsp/CMakeFiles/__idf_espressif__esp-dsp.dir/modules/matrix/mul/float/dspm_mult_ex_f32_arp4.S.obj
[ 66%] Building ASM object esp-idf/espressif__esp-dsp/CMakeFiles/__idf_espressif__esp-dsp.dir/modules/matrix/mul/float/dspm_mult_ex_f32_aes3.S.obj
[ 66%] Linking C static library libfatfs.a
[ 66%] Building CXX object esp-idf/rlottie/rlottie/CMakeFiles/rlottie.dir/src/vector/vdrawhelper_neon.cpp.obj
[ 66%] Building C object esp-idf/espressif__gmf_core/CMakeFiles/__idf_espressif__gmf_core.dir/data_bus/esp_gmf_block.c.obj
[ 66%] Building C object esp-idf/espressif__gmf_core/CMakeFiles/__idf_espressif__gmf_core.dir/data_bus/esp_gmf_data_bus.c.obj
[ 66%] Building CXX object esp-idf/rlottie/rlottie/CMakeFiles/rlottie.dir/src/vector/vrle.cpp.obj
[ 66%] Building C object esp-idf/espressif__esp32-camera/CMakeFiles/__idf_espressif__esp32-camera.dir/sensors/ov2640.c.obj
[ 66%] Building ASM object esp-idf/espressif__esp-dsp/CMakeFiles/__idf_espressif__esp-dsp.dir/modules/matrix/mul/fixed/dspm_mult_s16_ae32.S.obj
[ 66%] Building ASM object esp-idf/espressif__esp-dsp/CMakeFiles/__idf_espressif__esp-dsp.dir/modules/matrix/mul/fixed/dspm_mult_s16_m_ae32_vector.S.obj
[ 66%] Building C object esp-idf/protocomm/CMakeFiles/__idf_protocomm.dir/src/crypto/srp6a/esp_srp.c.obj
[ 66%] Building CXX object esp-idf/rlottie/rlottie/CMakeFiles/rlottie.dir/src/vector/vpath.cpp.obj
[ 66%] Building C object esp-idf/protocomm/CMakeFiles/__idf_protocomm.dir/src/crypto/srp6a/esp_srp_mpi.c.obj
[ 66%] Built target __idf_espressif__esp_libsrtp
[ 66%] Built target __idf_fatfs
[ 66%] Building ASM object esp-idf/espressif__esp-dsp/CMakeFiles/__idf_espressif__esp-dsp.dir/modules/matrix/mul/fixed/dspm_mult_s16_m_ae32.S.obj
[ 66%] Building C object esp-idf/espressif__esp-dsp/CMakeFiles/__idf_espressif__esp-dsp.dir/modules/matrix/mul/fixed/dspm_mult_s16_ansi.c.obj
[ 66%] Building C object esp-idf/espressif__gmf_core/CMakeFiles/__idf_espressif__gmf_core.dir/data_bus/esp_gmf_fifo.c.obj
[ 66%] Building CXX object esp-idf/rlottie/rlottie/CMakeFiles/rlottie.dir/src/vector/vpathmesure.cpp.obj
[ 66%] Building C object esp-idf/espressif__gmf_core/CMakeFiles/__idf_espressif__gmf_core.dir/data_bus/esp_gmf_new_databus.c.obj
[ 67%] Building C object esp-idf/tempotian__av_render/CMakeFiles/__idf_tempotian__av_render.dir/src/audio_decoder.c.obj
[ 67%] Building C object esp-idf/espressif__esp32-camera/CMakeFiles/__idf_espressif__esp32-camera.dir/sensors/ov3660.c.obj
[ 67%] Building ASM object esp-idf/espressif__esp-dsp/CMakeFiles/__idf_espressif__esp-dsp.dir/modules/matrix/mul/fixed/dspm_mult_s16_aes3.S.obj
[ 67%] Building CXX object esp-idf/rlottie/rlottie/CMakeFiles/rlottie.dir/src/vector/vmatrix.cpp.obj
[ 67%] Building C object esp-idf/espressif__esp32-camera/CMakeFiles/__idf_espressif__esp32-camera.dir/sensors/ov5640.c.obj
[ 67%] Linking C static library libprotocomm.a
[ 67%] Building CXX object esp-idf/rlottie/rlottie/CMakeFiles/rlottie.dir/src/vector/velapsedtimer.cpp.obj
[ 67%] Building ASM object esp-idf/espressif__esp-dsp/CMakeFiles/__idf_espressif__esp-dsp.dir/modules/matrix/mul/fixed/dspm_mult_s16_arp4.S.obj
[ 67%] Building C object esp-idf/espressif__gmf_core/CMakeFiles/__idf_espressif__gmf_core.dir/data_bus/esp_gmf_pbuf.c.obj
[ 67%] Building C object esp-idf/tempotian__av_render/CMakeFiles/__idf_tempotian__av_render.dir/src/audio_render.c.obj
[ 67%] Building C object esp-idf/espressif__gmf_core/CMakeFiles/__idf_espressif__gmf_core.dir/data_bus/esp_gmf_ringbuffer.c.obj
[ 67%] Building C object esp-idf/espressif__esp-dsp/CMakeFiles/__idf_espressif__esp-dsp.dir/modules/matrix/add/float/dspm_add_f32_ansi.c.obj
[ 68%] Building CXX object esp-idf/rlottie/rlottie/CMakeFiles/rlottie.dir/src/vector/vdebug.cpp.obj
[ 68%] Built target __idf_protocomm
[ 68%] Building C object esp-idf/tempotian__av_render/CMakeFiles/__idf_tempotian__av_render.dir/src/audio_resample.c.obj
[ 68%] Building C object esp-idf/espressif__esp_peer/CMakeFiles/__idf_espressif__esp_peer.dir/src/dtls_srtp.c.obj
[ 68%] Building C object esp-idf/tempotian__av_render/CMakeFiles/__idf_tempotian__av_render.dir/src/av_render.c.obj
[ 68%] Building CXX object esp-idf/rlottie/rlottie/CMakeFiles/rlottie.dir/src/vector/vinterpolator.cpp.obj
[ 68%] Building ASM object esp-idf/espressif__esp-dsp/CMakeFiles/__idf_espressif__esp-dsp.dir/modules/matrix/add/float/dspm_add_f32_ae32.S.obj
[ 68%] Building CXX object esp-idf/rlottie/rlottie/CMakeFiles/rlottie.dir/src/vector/vbezier.cpp.obj
[ 68%] Building C object esp-idf/espressif__gmf_core/CMakeFiles/__idf_espressif__gmf_core.dir/helpers/esp_gmf_uri_parser.c.obj
[ 68%] Building C object esp-idf/espressif__esp-dsp/CMakeFiles/__idf_espressif__esp-dsp.dir/modules/matrix/addc/float/dspm_addc_f32_ansi.c.obj
[ 68%] Building C object esp-idf/espressif__esp32-camera/CMakeFiles/__idf_espressif__esp32-camera.dir/sensors/ov7725.c.obj
[ 68%] Linking C static library libespressif__gmf_core.a
[ 68%] Building CXX object esp-idf/rlottie/rlottie/CMakeFiles/rlottie.dir/src/vector/vraster.cpp.obj
[ 68%] Building C object esp-idf/tempotian__av_render/CMakeFiles/__idf_tempotian__av_render.dir/src/color_convert.c.obj
[ 68%] Building ASM object esp-idf/espressif__esp-dsp/CMakeFiles/__idf_espressif__esp-dsp.dir/modules/matrix/addc/float/dspm_addc_f32_ae32.S.obj
[ 69%] Building C object esp-idf/espressif__esp32-camera/CMakeFiles/__idf_espressif__esp32-camera.dir/sensors/ov7670.c.obj
[ 69%] Building CXX object esp-idf/rlottie/rlottie/CMakeFiles/rlottie.dir/src/vector/vdrawable.cpp.obj
[ 69%] Building C object esp-idf/espressif__esp32-camera/CMakeFiles/__idf_espressif__esp32-camera.dir/sensors/nt99141.c.obj
[ 69%] Building C object esp-idf/espressif__esp-dsp/CMakeFiles/__idf_espressif__esp-dsp.dir/modules/matrix/mulc/float/dspm_mulc_f32_ansi.c.obj
[ 69%] Built target __idf_espressif__gmf_core
[ 69%] Building C object esp-idf/espressif__esp_peer/CMakeFiles/__idf_espressif__esp_peer.dir/src/esp_peer.c.obj
[ 69%] Building C object esp-idf/tempotian__av_render/CMakeFiles/__idf_tempotian__av_render.dir/src/video_decoder.c.obj
[ 69%] Building C object esp-idf/espressif__esp32-camera/CMakeFiles/__idf_espressif__esp32-camera.dir/sensors/gc0308.c.obj
[ 69%] Building C object esp-idf/tempotian__av_render/CMakeFiles/__idf_tempotian__av_render.dir/src/video_render.c.obj
[ 69%] Building C object esp-idf/espressif__esp32-camera/CMakeFiles/__idf_espressif__esp32-camera.dir/sensors/gc2145.c.obj
[ 69%] Building ASM object esp-idf/espressif__esp-dsp/CMakeFiles/__idf_espressif__esp-dsp.dir/modules/matrix/mulc/float/dspm_mulc_f32_ae32.S.obj
[ 69%] Building CXX object esp-idf/rlottie/rlottie/CMakeFiles/rlottie.dir/src/vector/vimageloader.cpp.obj
[ 69%] Building C object esp-idf/tempotian__av_render/CMakeFiles/__idf_tempotian__av_render.dir/render_impl/i2s_render.c.obj
[ 69%] Building CXX object esp-idf/rlottie/rlottie/CMakeFiles/rlottie.dir/src/vector/varenaalloc.cpp.obj
[ 69%] Building C object esp-idf/espressif__esp-dsp/CMakeFiles/__idf_espressif__esp-dsp.dir/modules/matrix/sub/float/dspm_sub_f32_ansi.c.obj
[ 69%] Building C object esp-idf/esp_local_ctrl/CMakeFiles/__idf_esp_local_ctrl.dir/src/esp_local_ctrl.c.obj
[ 69%] Building C object esp-idf/espressif__esp32-camera/CMakeFiles/__idf_espressif__esp32-camera.dir/sensors/gc032a.c.obj
[ 69%] Building C object esp-idf/espressif__esp_peer/CMakeFiles/__idf_espressif__esp_peer.dir/src/media_lib_weak.c.obj
[ 69%] Building C object esp-idf/tempotian__av_render/CMakeFiles/__idf_tempotian__av_render.dir/render_impl/lcd_render.c.obj
[ 69%] Building C object esp-idf/espressif__esp32-camera/CMakeFiles/__idf_espressif__esp32-camera.dir/sensors/bf3005.c.obj
[ 69%] Building CXX object esp-idf/rlottie/rlottie/CMakeFiles/rlottie.dir/src/lottie/zip/zip.cpp.obj
[ 69%] Building C object esp-idf/esp_local_ctrl/CMakeFiles/__idf_esp_local_ctrl.dir/src/esp_local_ctrl_handler.c.obj
[ 70%] Building ASM object esp-idf/espressif__esp-dsp/CMakeFiles/__idf_espressif__esp-dsp.dir/modules/matrix/sub/float/dspm_sub_f32_ae32.S.obj
[ 70%] Building CXX object esp-idf/espressif__esp-dsp/CMakeFiles/__idf_espressif__esp-dsp.dir/modules/matrix/mat/mat.cpp.obj
[ 70%] Building C object esp-idf/espressif__esp32-camera/CMakeFiles/__idf_espressif__esp32-camera.dir/sensors/bf20a6.c.obj
[ 70%] Linking C static library libespressif__esp_peer.a
[ 70%] Linking C static library libtempotian__av_render.a
[ 70%] Building C object esp-idf/esp_local_ctrl/CMakeFiles/__idf_esp_local_ctrl.dir/proto-c/esp_local_ctrl.pb-c.c.obj
In file included from /Users/light/dev/web-apps/aligned-tools/hardware/watcher-firmware/components/rlottie/rlottie/src/lottie/zip/zip.cpp:39:
/Users/light/dev/web-apps/aligned-tools/hardware/watcher-firmware/components/rlottie/rlottie/src/lottie/zip/miniz.h:4989:106: note: '#pragma message: Using fopen, ftello, fseeko, stat() etc. path for file I/O - this path may not support large files.'
 4989 |     "Using fopen, ftello, fseeko, stat() etc. path for file I/O - this path may not support large files.")
      |                                                                                                          ^
[ 70%] Building C object esp-idf/wifi_provisioning/CMakeFiles/__idf_wifi_provisioning.dir/src/wifi_config.c.obj
[ 70%] Building CXX object esp-idf/rlottie/rlottie/CMakeFiles/rlottie.dir/src/lottie/lottieitem.cpp.obj
[ 70%] Building C object esp-idf/espressif__esp32-camera/CMakeFiles/__idf_espressif__esp32-camera.dir/sensors/sc101iot.c.obj
[ 70%] Building CXX object esp-idf/rlottie/rlottie/CMakeFiles/rlottie.dir/src/lottie/lottieitem_capi.cpp.obj
[ 70%] Building CXX object esp-idf/rlottie/rlottie/CMakeFiles/rlottie.dir/src/lottie/lottieloader.cpp.obj
[ 70%] Built target __idf_espressif__esp_peer
[ 70%] Building C object esp-idf/espressif__esp32-camera/CMakeFiles/__idf_espressif__esp32-camera.dir/sensors/sc030iot.c.obj
[ 70%] Built target __idf_tempotian__av_render
[ 70%] Building C object esp-idf/espressif__esp32-camera/CMakeFiles/__idf_espressif__esp32-camera.dir/sensors/sc031gs.c.obj
[ 70%] Building C object esp-idf/espressif__gmf_audio/CMakeFiles/__idf_espressif__gmf_audio.dir/esp_gmf_alc.c.obj
[ 70%] Building C object esp-idf/esp_local_ctrl/CMakeFiles/__idf_esp_local_ctrl.dir/src/esp_local_ctrl_transport_httpd.c.obj
[ 70%] Building C object esp-idf/espressif__gmf_video/CMakeFiles/__idf_espressif__gmf_video.dir/esp_gmf_video_color_convert.c.obj
[ 70%] Building CXX object esp-idf/rlottie/rlottie/CMakeFiles/rlottie.dir/src/lottie/lottiemodel.cpp.obj
[ 70%] Building C object esp-idf/espressif__esp-dsp/CMakeFiles/__idf_espressif__esp-dsp.dir/modules/math/mulc/float/dsps_mulc_f32_ansi.c.obj
[ 70%] Building C object esp-idf/wifi_provisioning/CMakeFiles/__idf_wifi_provisioning.dir/src/wifi_scan.c.obj
[ 70%] Building C object esp-idf/espressif__esp-dsp/CMakeFiles/__idf_espressif__esp-dsp.dir/modules/math/addc/float/dsps_addc_f32_ansi.c.obj
[ 70%] Linking C static library libesp_local_ctrl.a
[ 70%] Building C object esp-idf/wifi_provisioning/CMakeFiles/__idf_wifi_provisioning.dir/src/wifi_ctrl.c.obj
[ 70%] Building C object esp-idf/espressif__esp-dsp/CMakeFiles/__idf_espressif__esp-dsp.dir/modules/math/mulc/fixed/dsps_mulc_s16_ansi.c.obj
[ 70%] Building CXX object esp-idf/rlottie/rlottie/CMakeFiles/rlottie.dir/src/lottie/lottieproxymodel.cpp.obj
[ 70%] Building C object esp-idf/espressif__esp32-camera/CMakeFiles/__idf_espressif__esp32-camera.dir/sensors/mega_ccm.c.obj
[ 70%] Building CXX object esp-idf/rlottie/rlottie/CMakeFiles/rlottie.dir/src/lottie/lottieparser.cpp.obj
[ 70%] Building C object esp-idf/espressif__gmf_video/CMakeFiles/__idf_espressif__gmf_video.dir/esp_gmf_video_crop.c.obj
[ 70%] Building C object esp-idf/espressif__esp32-camera/CMakeFiles/__idf_espressif__esp32-camera.dir/sensors/hm1055.c.obj
[ 70%] Building C object esp-idf/espressif__esp32-camera/CMakeFiles/__idf_espressif__esp32-camera.dir/sensors/hm0360.c.obj
[ 70%] Built target __idf_esp_local_ctrl
[ 70%] Building C object esp-idf/espressif__gmf_audio/CMakeFiles/__idf_espressif__gmf_audio.dir/esp_gmf_audio_dec.c.obj
[ 70%] Building ASM object esp-idf/espressif__esp-dsp/CMakeFiles/__idf_espressif__esp-dsp.dir/modules/math/mulc/fixed/dsps_mulc_s16_ae32.S.obj
[ 70%] Building C object esp-idf/espressif__gmf_video/CMakeFiles/__idf_espressif__gmf_video.dir/esp_gmf_video_dec.c.obj
[ 70%] Building C object esp-idf/wifi_provisioning/CMakeFiles/__idf_wifi_provisioning.dir/src/manager.c.obj
[ 70%] Building C object esp-idf/espressif__esp-dsp/CMakeFiles/__idf_espressif__esp-dsp.dir/modules/math/add/float/dsps_add_f32_ansi.c.obj
[ 70%] Building C object esp-idf/wifi_provisioning/CMakeFiles/__idf_wifi_provisioning.dir/src/handlers.c.obj
[ 70%] Building C object esp-idf/espressif__esp32-camera/CMakeFiles/__idf_espressif__esp32-camera.dir/target/esp32s3/ll_cam.c.obj
[ 70%] Building C object esp-idf/espressif__gmf_video/CMakeFiles/__idf_espressif__gmf_video.dir/esp_gmf_video_enc.c.obj
[ 70%] Building C object esp-idf/espressif__esp-dsp/CMakeFiles/__idf_espressif__esp-dsp.dir/modules/math/add/fixed/dsps_add_s16_ansi.c.obj
[ 70%] Building C object esp-idf/espressif__esp32-camera/CMakeFiles/__idf_espressif__esp32-camera.dir/driver/sccb-ng.c.obj
[ 70%] Building C object esp-idf/wifi_provisioning/CMakeFiles/__idf_wifi_provisioning.dir/src/scheme_console.c.obj
[ 70%] Building C object esp-idf/espressif__gmf_video/CMakeFiles/__idf_espressif__gmf_video.dir/esp_gmf_video_fps_cvt.c.obj
[ 70%] Building C object esp-idf/wifi_provisioning/CMakeFiles/__idf_wifi_provisioning.dir/proto-c/wifi_config.pb-c.c.obj
[ 70%] Building ASM object esp-idf/espressif__esp-dsp/CMakeFiles/__idf_espressif__esp-dsp.dir/modules/math/add/fixed/dsps_add_s16_ae32.S.obj
[ 70%] Building C object esp-idf/espressif__gmf_audio/CMakeFiles/__idf_espressif__gmf_audio.dir/esp_gmf_audio_enc.c.obj
[ 70%] Building ASM object esp-idf/espressif__esp-dsp/CMakeFiles/__idf_espressif__esp-dsp.dir/modules/math/add/fixed/dsps_add_s16_aes3.S.obj
[ 70%] Building C object esp-idf/wifi_provisioning/CMakeFiles/__idf_wifi_provisioning.dir/proto-c/wifi_scan.pb-c.c.obj
[ 70%] Building CXX object esp-idf/rlottie/rlottie/CMakeFiles/rlottie.dir/src/lottie/lottieanimation.cpp.obj
[ 70%] Building C object esp-idf/espressif__gmf_audio/CMakeFiles/__idf_espressif__gmf_audio.dir/esp_gmf_audio_helper.c.obj
[ 70%] Building C object esp-idf/wifi_provisioning/CMakeFiles/__idf_wifi_provisioning.dir/proto-c/wifi_ctrl.pb-c.c.obj
[ 70%] Linking C static library libespressif__esp32-camera.a
[ 70%] Building C object esp-idf/espressif__esp-dsp/CMakeFiles/__idf_espressif__esp-dsp.dir/modules/math/add/fixed/dsps_add_s8_ansi.c.obj
[ 70%] Building C object esp-idf/wifi_provisioning/CMakeFiles/__idf_wifi_provisioning.dir/proto-c/wifi_constants.pb-c.c.obj
[ 70%] Building CXX object esp-idf/rlottie/rlottie/CMakeFiles/rlottie.dir/src/lottie/lottiekeypath.cpp.obj
[ 70%] Building C object esp-idf/espressif__gmf_audio/CMakeFiles/__idf_espressif__gmf_audio.dir/esp_gmf_audio_param.c.obj
[ 70%] Building ASM object esp-idf/espressif__esp-dsp/CMakeFiles/__idf_espressif__esp-dsp.dir/modules/math/add/fixed/dsps_add_s8_aes3.S.obj
[ 70%] Building C object esp-idf/wifi_provisioning/CMakeFiles/__idf_wifi_provisioning.dir/src/scheme_softap.c.obj
[ 70%] Building C object esp-idf/espressif__gmf_video/CMakeFiles/__idf_espressif__gmf_video.dir/esp_gmf_video_overlay.c.obj
[ 70%] Built target __idf_espressif__esp32-camera
[ 70%] Building C object esp-idf/espressif__gmf_audio/CMakeFiles/__idf_espressif__gmf_audio.dir/esp_gmf_bit_cvt.c.obj
[ 70%] Building C object esp-idf/espressif__esp-dsp/CMakeFiles/__idf_espressif__esp-dsp.dir/modules/math/sub/float/dsps_sub_f32_ansi.c.obj
[ 70%] Building C object esp-idf/espressif__gmf_video/CMakeFiles/__idf_espressif__gmf_video.dir/esp_gmf_video_param.c.obj
[ 70%] Linking C static library libwifi_provisioning.a
[ 70%] Building C object esp-idf/espressif__esp-dsp/CMakeFiles/__idf_espressif__esp-dsp.dir/modules/math/sub/fixed/dsps_sub_s16_ansi.c.obj
[ 70%] Building C object esp-idf/espressif__gmf_audio/CMakeFiles/__idf_espressif__gmf_audio.dir/esp_gmf_ch_cvt.c.obj
[ 70%] Building C object esp-idf/espressif__gmf_audio/CMakeFiles/__idf_espressif__gmf_audio.dir/esp_gmf_deinterleave.c.obj
[ 70%] Built target __idf_wifi_provisioning
[ 70%] Building ASM object esp-idf/espressif__esp-dsp/CMakeFiles/__idf_espressif__esp-dsp.dir/modules/math/sub/fixed/dsps_sub_s16_ae32.S.obj
[ 70%] Building CXX object esp-idf/rlottie/rlottie/CMakeFiles/rlottie.dir/src/binding/c/lottieanimation_capi.cpp.obj
[ 70%] Building C object esp-idf/espressif__gmf_audio/CMakeFiles/__idf_espressif__gmf_audio.dir/esp_gmf_eq.c.obj
[ 70%] Building C object esp-idf/espressif__gmf_video/CMakeFiles/__idf_espressif__gmf_video.dir/esp_gmf_video_ppa.c.obj
[ 70%] Building C object esp-idf/espressif__gmf_audio/CMakeFiles/__idf_espressif__gmf_audio.dir/esp_gmf_fade.c.obj
[ 70%] Building C object esp-idf/espressif__gmf_audio/CMakeFiles/__idf_espressif__gmf_audio.dir/esp_gmf_interleave.c.obj
[ 70%] Building C object esp-idf/espressif__gmf_video/CMakeFiles/__idf_espressif__gmf_video.dir/esp_gmf_video_rotate.c.obj
[ 70%] Building C object esp-idf/espressif__gmf_audio/CMakeFiles/__idf_espressif__gmf_audio.dir/esp_gmf_mixer.c.obj
[ 70%] Building ASM object esp-idf/espressif__esp-dsp/CMakeFiles/__idf_espressif__esp-dsp.dir/modules/math/sub/fixed/dsps_sub_s16_aes3.S.obj
[ 70%] Building C object esp-idf/espressif__gmf_video/CMakeFiles/__idf_espressif__gmf_video.dir/esp_gmf_video_scale.c.obj
[ 70%] Building C object esp-idf/espressif__esp-dsp/CMakeFiles/__idf_espressif__esp-dsp.dir/modules/math/sub/fixed/dsps_sub_s8_ansi.c.obj
[ 70%] Building C object esp-idf/espressif__gmf_audio/CMakeFiles/__idf_espressif__gmf_audio.dir/esp_gmf_rate_cvt.c.obj
[ 71%] Building C object esp-idf/espressif__gmf_audio/CMakeFiles/__idf_espressif__gmf_audio.dir/esp_gmf_sonic.c.obj
[ 72%] Building C object esp-idf/espressif__gmf_video/CMakeFiles/__idf_espressif__gmf_video.dir/gmf_video_common.c.obj
[ 72%] Building ASM object esp-idf/espressif__esp-dsp/CMakeFiles/__idf_espressif__esp-dsp.dir/modules/math/sub/fixed/dsps_sub_s8_aes3.S.obj
[ 72%] Building C object esp-idf/espressif__esp-dsp/CMakeFiles/__idf_espressif__esp-dsp.dir/modules/math/mul/float/dsps_mul_f32_ansi.c.obj
[ 73%] Building C object esp-idf/espressif__esp-dsp/CMakeFiles/__idf_espressif__esp-dsp.dir/modules/math/mul/fixed/dsps_mul_s16_ansi.c.obj
[ 73%] Building ASM object esp-idf/espressif__esp-dsp/CMakeFiles/__idf_espressif__esp-dsp.dir/modules/math/mul/fixed/dsps_mul_s16_ae32.S.obj
[ 73%] Building ASM object esp-idf/espressif__esp-dsp/CMakeFiles/__idf_espressif__esp-dsp.dir/modules/math/mul/fixed/dsps_mul_s16_aes3.S.obj
[ 73%] Building C object esp-idf/espressif__esp-dsp/CMakeFiles/__idf_espressif__esp-dsp.dir/modules/math/mul/fixed/dsps_mul_s8_ansi.c.obj
[ 73%] Building ASM object esp-idf/espressif__esp-dsp/CMakeFiles/__idf_espressif__esp-dsp.dir/modules/math/mul/fixed/dsps_mul_s8_aes3.S.obj
[ 73%] Building ASM object esp-idf/espressif__esp-dsp/CMakeFiles/__idf_espressif__esp-dsp.dir/modules/math/mulc/float/dsps_mulc_f32_ae32.S.obj
[ 73%] Building ASM object esp-idf/espressif__esp-dsp/CMakeFiles/__idf_espressif__esp-dsp.dir/modules/math/addc/float/dsps_addc_f32_ae32.S.obj
[ 73%] Linking C static library libespressif__gmf_video.a
[ 73%] Building ASM object esp-idf/espressif__esp-dsp/CMakeFiles/__idf_espressif__esp-dsp.dir/modules/math/add/float/dsps_add_f32_ae32.S.obj
[ 73%] Building ASM object esp-idf/espressif__esp-dsp/CMakeFiles/__idf_espressif__esp-dsp.dir/modules/math/sub/float/dsps_sub_f32_ae32.S.obj
[ 73%] Building C object esp-idf/espressif__esp-dsp/CMakeFiles/__idf_espressif__esp-dsp.dir/modules/math/sqrt/float/dsps_sqrt_f32_ansi.c.obj
[ 73%] Building ASM object esp-idf/espressif__esp-dsp/CMakeFiles/__idf_espressif__esp-dsp.dir/modules/math/mul/float/dsps_mul_f32_ae32.S.obj
[ 73%] Building ASM object esp-idf/espressif__esp-dsp/CMakeFiles/__idf_espressif__esp-dsp.dir/modules/fft/float/dsps_fft2r_fc32_ae32_.S.obj
[ 73%] Building ASM object esp-idf/espressif__esp-dsp/CMakeFiles/__idf_espressif__esp-dsp.dir/modules/fft/float/dsps_fft2r_fc32_aes3_.S.obj
[ 73%] Building ASM object esp-idf/espressif__esp-dsp/CMakeFiles/__idf_espressif__esp-dsp.dir/modules/fft/float/dsps_fft2r_fc32_arp4.S.obj
[ 73%] Building C object esp-idf/espressif__esp-dsp/CMakeFiles/__idf_espressif__esp-dsp.dir/modules/fft/float/dsps_fft2r_fc32_ansi.c.obj
[ 73%] Building C object esp-idf/espressif__esp-dsp/CMakeFiles/__idf_espressif__esp-dsp.dir/modules/fft/float/dsps_fft2r_fc32_ae32.c.obj
[ 73%] Building ASM object esp-idf/espressif__esp-dsp/CMakeFiles/__idf_espressif__esp-dsp.dir/modules/fft/float/dsps_bit_rev_lookup_fc32_aes3.S.obj
[ 73%] Built target __idf_espressif__gmf_video
[ 73%] Building C object esp-idf/espressif__esp-dsp/CMakeFiles/__idf_espressif__esp-dsp.dir/modules/fft/float/dsps_fft4r_fc32_ansi.c.obj
[ 73%] Building C object esp-idf/espressif__esp-dsp/CMakeFiles/__idf_espressif__esp-dsp.dir/modules/fft/float/dsps_fft4r_fc32_ae32.c.obj
[ 74%] Building ASM object esp-idf/espressif__esp-dsp/CMakeFiles/__idf_espressif__esp-dsp.dir/modules/fft/float/dsps_fft4r_fc32_aes3_.S.obj
[ 74%] Building ASM object esp-idf/espressif__esp-dsp/CMakeFiles/__idf_espressif__esp-dsp.dir/modules/fft/float/dsps_fft4r_fc32_arp4.S.obj
[ 74%] Building ASM object esp-idf/espressif__esp-dsp/CMakeFiles/__idf_espressif__esp-dsp.dir/modules/fft/float/dsps_fft4r_fc32_ae32_.S.obj
[ 74%] Building C object esp-idf/espressif__esp-dsp/CMakeFiles/__idf_espressif__esp-dsp.dir/modules/fft/float/dsps_fft2r_bitrev_tables_fc32.c.obj
[ 74%] Building C object esp-idf/espressif__esp-dsp/CMakeFiles/__idf_espressif__esp-dsp.dir/modules/fft/float/dsps_fft4r_bitrev_tables_fc32.c.obj
[ 74%] Building ASM object esp-idf/espressif__esp-dsp/CMakeFiles/__idf_espressif__esp-dsp.dir/modules/fft/fixed/dsps_fft2r_sc16_ae32.S.obj
[ 74%] Building ASM object esp-idf/espressif__esp-dsp/CMakeFiles/__idf_espressif__esp-dsp.dir/modules/fft/fixed/dsps_fft2r_sc16_aes3.S.obj
[ 74%] Building C object esp-idf/espressif__esp-dsp/CMakeFiles/__idf_espressif__esp-dsp.dir/modules/fft/fixed/dsps_fft2r_sc16_ansi.c.obj
[ 74%] Building ASM object esp-idf/espressif__esp-dsp/CMakeFiles/__idf_espressif__esp-dsp.dir/modules/fft/fixed/dsps_fft2r_sc16_arp4.S.obj
[ 74%] Building C object esp-idf/espressif__esp-dsp/CMakeFiles/__idf_espressif__esp-dsp.dir/modules/dct/float/dsps_dct_f32.c.obj
[ 74%] Linking C static library libespressif__gmf_audio.a
[ 74%] Building C object esp-idf/espressif__esp-dsp/CMakeFiles/__idf_espressif__esp-dsp.dir/modules/dct/float/dsps_dctiv_f32.c.obj
[ 74%] Building C object esp-idf/espressif__esp-dsp/CMakeFiles/__idf_espressif__esp-dsp.dir/modules/dct/float/dsps_dstiv_f32.c.obj
[ 74%] Building CXX object esp-idf/espressif__esp-dsp/CMakeFiles/__idf_espressif__esp-dsp.dir/modules/support/snr/float/dsps_snr_f32.cpp.obj
[ 74%] Building CXX object esp-idf/espressif__esp-dsp/CMakeFiles/__idf_espressif__esp-dsp.dir/modules/support/sfdr/float/dsps_sfdr_f32.cpp.obj
[ 74%] Building C object esp-idf/espressif__esp-dsp/CMakeFiles/__idf_espressif__esp-dsp.dir/modules/support/misc/dsps_d_gen.c.obj
[ 74%] Building C object esp-idf/espressif__esp-dsp/CMakeFiles/__idf_espressif__esp-dsp.dir/modules/support/misc/dsps_h_gen.c.obj
[ 74%] Building C object esp-idf/espressif__esp-dsp/CMakeFiles/__idf_espressif__esp-dsp.dir/modules/support/misc/dsps_tone_gen.c.obj
[ 74%] Building C object esp-idf/espressif__esp-dsp/CMakeFiles/__idf_espressif__esp-dsp.dir/modules/support/cplx_gen/dsps_cplx_gen.c.obj
[ 74%] Building ASM object esp-idf/espressif__esp-dsp/CMakeFiles/__idf_espressif__esp-dsp.dir/modules/support/cplx_gen/dsps_cplx_gen.S.obj
[ 74%] Built target __idf_espressif__gmf_audio
[ 74%] Building C object esp-idf/espressif__esp-dsp/CMakeFiles/__idf_espressif__esp-dsp.dir/modules/support/cplx_gen/dsps_cplx_gen_init.c.obj
[ 75%] Building ASM object esp-idf/espressif__esp-dsp/CMakeFiles/__idf_espressif__esp-dsp.dir/modules/support/mem/esp32s3/dsps_memset_aes3.S.obj
[ 75%] Building ASM object esp-idf/espressif__esp-dsp/CMakeFiles/__idf_espressif__esp-dsp.dir/modules/support/mem/esp32s3/dsps_memcpy_aes3.S.obj
[ 75%] Building CXX object esp-idf/espressif__esp-dsp/CMakeFiles/__idf_espressif__esp-dsp.dir/modules/support/view/dsps_view.cpp.obj
[ 75%] Building C object esp-idf/espressif__esp-dsp/CMakeFiles/__idf_espressif__esp-dsp.dir/modules/windows/blackman/float/dsps_wind_blackman_f32.c.obj
[ 75%] Building C object esp-idf/espressif__esp-dsp/CMakeFiles/__idf_espressif__esp-dsp.dir/modules/windows/blackman_harris/float/dsps_wind_blackman_harris_f32.c.obj
[ 75%] Building C object esp-idf/espressif__esp-dsp/CMakeFiles/__idf_espressif__esp-dsp.dir/modules/windows/hann/float/dsps_wind_hann_f32.c.obj
[ 75%] Building C object esp-idf/espressif__esp-dsp/CMakeFiles/__idf_espressif__esp-dsp.dir/modules/windows/blackman_nuttall/float/dsps_wind_blackman_nuttall_f32.c.obj
[ 75%] Building C object esp-idf/espressif__esp-dsp/CMakeFiles/__idf_espressif__esp-dsp.dir/modules/windows/nuttall/float/dsps_wind_nuttall_f32.c.obj
[ 75%] Building C object esp-idf/espressif__esp-dsp/CMakeFiles/__idf_espressif__esp-dsp.dir/modules/windows/flat_top/float/dsps_wind_flat_top_f32.c.obj
[ 75%] Building C object esp-idf/espressif__esp-dsp/CMakeFiles/__idf_espressif__esp-dsp.dir/modules/conv/float/dsps_conv_f32_ansi.c.obj
[ 75%] Building C object esp-idf/espressif__esp-dsp/CMakeFiles/__idf_espressif__esp-dsp.dir/modules/conv/float/dspi_conv_f32_ansi.c.obj
[ 75%] Building ASM object esp-idf/espressif__esp-dsp/CMakeFiles/__idf_espressif__esp-dsp.dir/modules/conv/float/dsps_conv_f32_ae32.S.obj
[ 75%] Building C object esp-idf/espressif__esp-dsp/CMakeFiles/__idf_espressif__esp-dsp.dir/modules/conv/float/dsps_corr_f32_ansi.c.obj
[ 75%] Building ASM object esp-idf/espressif__esp-dsp/CMakeFiles/__idf_espressif__esp-dsp.dir/modules/conv/float/dsps_corr_f32_ae32.S.obj
[ 75%] Building C object esp-idf/espressif__esp-dsp/CMakeFiles/__idf_espressif__esp-dsp.dir/modules/conv/float/dsps_ccorr_f32_ansi.c.obj
[ 75%] Building ASM object esp-idf/espressif__esp-dsp/CMakeFiles/__idf_espressif__esp-dsp.dir/modules/conv/float/dsps_ccorr_f32_ae32.S.obj
[ 75%] Building ASM object esp-idf/espressif__esp-dsp/CMakeFiles/__idf_espressif__esp-dsp.dir/modules/iir/biquad/dsps_biquad_f32_ae32.S.obj
[ 75%] Building ASM object esp-idf/espressif__esp-dsp/CMakeFiles/__idf_espressif__esp-dsp.dir/modules/iir/biquad/dsps_biquad_sf32_ae32.S.obj
[ 75%] Building ASM object esp-idf/espressif__esp-dsp/CMakeFiles/__idf_espressif__esp-dsp.dir/modules/iir/biquad/dsps_biquad_f32_aes3.S.obj
[ 76%] Building ASM object esp-idf/espressif__esp-dsp/CMakeFiles/__idf_espressif__esp-dsp.dir/modules/iir/biquad/dsps_biquad_f32_arp4.S.obj
[ 76%] Building ASM object esp-idf/espressif__esp-dsp/CMakeFiles/__idf_espressif__esp-dsp.dir/modules/iir/biquad/dsps_biquad_sf32_arp4.S.obj
[ 76%] Building C object esp-idf/espressif__esp-dsp/CMakeFiles/__idf_espressif__esp-dsp.dir/modules/iir/biquad/dsps_biquad_f32_ansi.c.obj
[ 76%] Building C object esp-idf/espressif__esp-dsp/CMakeFiles/__idf_espressif__esp-dsp.dir/modules/iir/biquad/dsps_biquad_sf32_ansi.c.obj
[ 76%] Building C object esp-idf/espressif__esp-dsp/CMakeFiles/__idf_espressif__esp-dsp.dir/modules/iir/biquad/dsps_biquad_gen_f32.c.obj
[ 76%] Building ASM object esp-idf/espressif__esp-dsp/CMakeFiles/__idf_espressif__esp-dsp.dir/modules/fir/float/dsps_fir_f32_ae32.S.obj
[ 76%] Building ASM object esp-idf/espressif__esp-dsp/CMakeFiles/__idf_espressif__esp-dsp.dir/modules/fir/float/dsps_fir_f32_aes3.S.obj
[ 76%] Building ASM object esp-idf/espressif__esp-dsp/CMakeFiles/__idf_espressif__esp-dsp.dir/modules/fir/float/dsps_fird_f32_ae32.S.obj
[ 76%] Building ASM object esp-idf/espressif__esp-dsp/CMakeFiles/__idf_espressif__esp-dsp.dir/modules/fir/float/dsps_fird_f32_arp4.S.obj
[ 76%] Building ASM object esp-idf/espressif__esp-dsp/CMakeFiles/__idf_espressif__esp-dsp.dir/modules/fir/float/dsps_fird_f32_aes3.S.obj
[ 76%] Building C object esp-idf/espressif__esp-dsp/CMakeFiles/__idf_espressif__esp-dsp.dir/modules/fir/float/dsps_fir_f32_ansi.c.obj
[ 76%] Building C object esp-idf/espressif__esp-dsp/CMakeFiles/__idf_espressif__esp-dsp.dir/modules/fir/float/dsps_fir_init_f32.c.obj
[ 76%] Building C object esp-idf/espressif__esp-dsp/CMakeFiles/__idf_espressif__esp-dsp.dir/modules/fir/float/dsps_fird_f32_ansi.c.obj
[ 76%] Building C object esp-idf/espressif__esp-dsp/CMakeFiles/__idf_espressif__esp-dsp.dir/modules/fir/float/dsps_fird_init_f32.c.obj
[ 76%] Building C object esp-idf/espressif__esp-dsp/CMakeFiles/__idf_espressif__esp-dsp.dir/modules/fir/fixed/dsps_fird_s16_ansi.c.obj
[ 76%] Building C object esp-idf/espressif__esp-dsp/CMakeFiles/__idf_espressif__esp-dsp.dir/modules/fir/fixed/dsps_fird_init_s16.c.obj
[ 76%] Building ASM object esp-idf/espressif__esp-dsp/CMakeFiles/__idf_espressif__esp-dsp.dir/modules/fir/fixed/dsps_fird_s16_ae32.S.obj
[ 76%] Building ASM object esp-idf/espressif__esp-dsp/CMakeFiles/__idf_espressif__esp-dsp.dir/modules/fir/fixed/dsps_fird_s16_aes3.S.obj
[ 76%] Building ASM object esp-idf/espressif__esp-dsp/CMakeFiles/__idf_espressif__esp-dsp.dir/modules/fir/fixed/dsps_fir_s16_m_ae32.S.obj
[ 76%] Building ASM object esp-idf/espressif__esp-dsp/CMakeFiles/__idf_espressif__esp-dsp.dir/modules/fir/fixed/dsps_fird_s16_arp4.S.obj
[ 77%] Building CXX object esp-idf/espressif__esp-dsp/CMakeFiles/__idf_espressif__esp-dsp.dir/modules/kalman/ekf/common/ekf.cpp.obj
[ 77%] Building CXX object esp-idf/espressif__esp-dsp/CMakeFiles/__idf_espressif__esp-dsp.dir/modules/kalman/ekf_imu13states/ekf_imu13states.cpp.obj
[ 77%] Linking C static library libespressif__esp-dsp.a
[ 77%] Built target __idf_espressif__esp-dsp
[ 77%] Building C object esp-idf/espressif__esp-sr/CMakeFiles/__idf_espressif__esp-sr.dir/src/esp_process_sdkconfig.c.obj
[ 77%] Building C object esp-idf/espressif__esp-sr/CMakeFiles/__idf_espressif__esp-sr.dir/src/esp_mn_speech_commands.c.obj
[ 77%] Building C object esp-idf/espressif__esp-sr/CMakeFiles/__idf_espressif__esp-sr.dir/src/model_path.c.obj
[ 77%] Building C object esp-idf/espressif__esp-sr/CMakeFiles/__idf_espressif__esp-sr.dir/src/esp_sr_debug.c.obj
[ 77%] Linking C static library libespressif__esp-sr.a
[ 77%] Built target __idf_espressif__esp-sr
[ 77%] Building C object esp-idf/espressif__esp_capture/CMakeFiles/__idf_espressif__esp_capture.dir/src/esp_capture.c.obj
[ 77%] Building C object esp-idf/espressif__esp_capture/CMakeFiles/__idf_espressif__esp_capture.dir/src/utils/data_queue.c.obj
[ 77%] Building C object esp-idf/espressif__esp_capture/CMakeFiles/__idf_espressif__esp_capture.dir/src/esp_capture_version.c.obj
[ 77%] Building C object esp-idf/espressif__esp_capture/CMakeFiles/__idf_espressif__esp_capture.dir/src/utils/capture_perf_mon.c.obj
[ 77%] Building C object esp-idf/espressif__esp_capture/CMakeFiles/__idf_espressif__esp_capture.dir/impl/capture_gmf_path/src/capture_pipeline_utils.c.obj
[ 77%] Building C object esp-idf/espressif__esp_capture/CMakeFiles/__idf_espressif__esp_capture.dir/src/esp_capture_sync.c.obj
[ 77%] Building C object esp-idf/espressif__esp_capture/CMakeFiles/__idf_espressif__esp_capture.dir/src/utils/share_q.c.obj
[ 77%] Building C object esp-idf/espressif__esp_capture/CMakeFiles/__idf_espressif__esp_capture.dir/src/utils/msg_q.c.obj
[ 77%] Building C object esp-idf/espressif__esp_capture/CMakeFiles/__idf_espressif__esp_capture.dir/src/utils/capture_thread.c.obj
[ 77%] Building C object esp-idf/espressif__esp_capture/CMakeFiles/__idf_espressif__esp_capture.dir/src/capture_muxer.c.obj
[ 77%] Building C object esp-idf/espressif__esp_capture/CMakeFiles/__idf_espressif__esp_capture.dir/impl/capture_gmf_path/src/gmf_capture_audio_path.c.obj
[ 77%] Building C object esp-idf/espressif__esp_capture/CMakeFiles/__idf_espressif__esp_capture.dir/impl/capture_gmf_path/src/gmf_capture_audio_pipeline.c.obj
[ 77%] Building C object esp-idf/espressif__esp_capture/CMakeFiles/__idf_espressif__esp_capture.dir/impl/capture_gmf_path/src/gmf_capture_auto_audio_pipeline.c.obj
[ 77%] Building C object esp-idf/espressif__esp_capture/CMakeFiles/__idf_espressif__esp_capture.dir/impl/capture_gmf_path/src/gmf_capture_audio_pipeline_nego.c.obj
[ 77%] Building C object esp-idf/espressif__esp_capture/CMakeFiles/__idf_espressif__esp_capture.dir/impl/capture_gmf_path/src/gmf_capture_auto_video_pipeline.c.obj
[ 77%] Building C object esp-idf/espressif__esp_capture/CMakeFiles/__idf_espressif__esp_capture.dir/impl/capture_gmf_path/src/gmf_capture_path_mngr.c.obj
[ 77%] Building C object esp-idf/espressif__esp_capture/CMakeFiles/__idf_espressif__esp_capture.dir/impl/capture_gmf_path/src/gmf_capture_video_path.c.obj
[ 77%] Building C object esp-idf/espressif__esp_capture/CMakeFiles/__idf_espressif__esp_capture.dir/impl/capture_gmf_path/src/gmf_capture_video_pipeline.c.obj
[ 77%] Building C object esp-idf/espressif__esp_capture/CMakeFiles/__idf_espressif__esp_capture.dir/impl/capture_gmf_path/src/gmf_capture_video_pipeline_nego.c.obj
/Users/light/dev/web-apps/aligned-tools/hardware/watcher-firmware/examples/aligned-realtime/managed_components/espressif__esp_capture/src/utils/share_q.c: In function 'share_q_release':
/Users/light/dev/web-apps/aligned-tools/hardware/watcher-firmware/examples/aligned-realtime/managed_components/espressif__esp_capture/src/utils/share_q.c:270:19: warning: unused variable 'head' [-Wunused-variable]
  270 |     share_item_t *head = &q->items[rp];
      |                   ^~~~
[ 78%] Building C object esp-idf/espressif__esp_capture/CMakeFiles/__idf_espressif__esp_capture.dir/impl/capture_gmf_path/src/elements/capture_share_cp.c.obj
[ 78%] Building C object esp-idf/espressif__esp_capture/CMakeFiles/__idf_espressif__esp_capture.dir/impl/capture_gmf_path/src/elements/gmf_audio_src.c.obj
[ 78%] Building C object esp-idf/espressif__esp_capture/CMakeFiles/__idf_espressif__esp_capture.dir/impl/capture_gmf_path/src/elements/gmf_video_src.c.obj
[ 78%] Building C object esp-idf/espressif__esp_capture/CMakeFiles/__idf_espressif__esp_capture.dir/impl/capture_file_src/capture_audio_file_src.c.obj
[ 78%] Building C object esp-idf/espressif__esp_capture/CMakeFiles/__idf_espressif__esp_capture.dir/impl/capture_file_src/capture_video_file_src.c.obj
[ 78%] Building C object esp-idf/espressif__esp_capture/CMakeFiles/__idf_espressif__esp_capture.dir/impl/capture_audio_src/capture_audio_aec_src.c.obj
[ 78%] Building C object esp-idf/espressif__esp_capture/CMakeFiles/__idf_espressif__esp_capture.dir/impl/capture_audio_src/capture_audio_dev_src.c.obj
[ 78%] Building C object esp-idf/espressif__esp_capture/CMakeFiles/__idf_espressif__esp_capture.dir/impl/capture_video_src/capture_video_dvp_src.c.obj
[ 78%] Building C object esp-idf/espressif__esp_capture/CMakeFiles/__idf_espressif__esp_capture.dir/impl/capture_video_src/capture_video_v4l2_src.c.obj
[ 78%] Building C object esp-idf/espressif__esp_capture/CMakeFiles/__idf_espressif__esp_capture.dir/impl/capture_text_overlay/font/basic_font_12.c.obj
[ 78%] Building C object esp-idf/espressif__esp_capture/CMakeFiles/__idf_espressif__esp_capture.dir/impl/capture_text_overlay/esp_capture_text_overlay.c.obj
[ 78%] Building C object esp-idf/espressif__esp_capture/CMakeFiles/__idf_espressif__esp_capture.dir/impl/capture_text_overlay/font/basic_font_16.c.obj
[ 78%] Building C object esp-idf/espressif__esp_capture/CMakeFiles/__idf_espressif__esp_capture.dir/impl/capture_text_overlay/font/basic_font_20.c.obj
[ 78%] Building C object esp-idf/espressif__esp_capture/CMakeFiles/__idf_espressif__esp_capture.dir/impl/capture_text_overlay/font/basic_font_24.c.obj
[ 78%] Building C object esp-idf/espressif__esp_capture/CMakeFiles/__idf_espressif__esp_capture.dir/impl/capture_text_overlay/font/basic_font_28.c.obj
[ 78%] Building C object esp-idf/espressif__esp_capture/CMakeFiles/__idf_espressif__esp_capture.dir/impl/capture_text_overlay/font/basic_font_32.c.obj
[ 78%] Building C object esp-idf/espressif__esp_capture/CMakeFiles/__idf_espressif__esp_capture.dir/impl/capture_text_overlay/font/basic_font_36.c.obj
[ 78%] Building C object esp-idf/espressif__esp_capture/CMakeFiles/__idf_espressif__esp_capture.dir/impl/capture_text_overlay/font/basic_font_40.c.obj
[ 78%] Building C object esp-idf/espressif__esp_capture/CMakeFiles/__idf_espressif__esp_capture.dir/impl/capture_text_overlay/font/basic_font_44.c.obj
[ 79%] Building C object esp-idf/espressif__esp_capture/CMakeFiles/__idf_espressif__esp_capture.dir/impl/capture_text_overlay/font/basic_font_48.c.obj
[ 79%] Linking CXX static library librlottie.a
[ 79%] Linking C static library libespressif__esp_capture.a
[ 79%] Built target rlottie
[ 79%] Building C object esp-idf/lvgl/CMakeFiles/__idf_lvgl.dir/src/core/lv_event.c.obj
[ 79%] Building C object esp-idf/lvgl/CMakeFiles/__idf_lvgl.dir/src/core/lv_disp.c.obj
[ 79%] Building C object esp-idf/lvgl/CMakeFiles/__idf_lvgl.dir/src/core/lv_indev.c.obj
[ 79%] Building C object esp-idf/lvgl/CMakeFiles/__idf_lvgl.dir/src/core/lv_obj.c.obj
[ 79%] Building C object esp-idf/lvgl/CMakeFiles/__idf_lvgl.dir/src/core/lv_obj_scroll.c.obj
[ 79%] Building C object esp-idf/lvgl/CMakeFiles/__idf_lvgl.dir/src/core/lv_indev_scroll.c.obj
[ 79%] Building C object esp-idf/lvgl/CMakeFiles/__idf_lvgl.dir/src/core/lv_obj_pos.c.obj
[ 79%] Building C object esp-idf/lvgl/CMakeFiles/__idf_lvgl.dir/src/core/lv_group.c.obj
[ 79%] Building C object esp-idf/lvgl/CMakeFiles/__idf_lvgl.dir/src/core/lv_obj_draw.c.obj
[ 79%] Building C object esp-idf/lvgl/CMakeFiles/__idf_lvgl.dir/src/core/lv_obj_tree.c.obj
[ 79%] Building C object esp-idf/lvgl/CMakeFiles/__idf_lvgl.dir/src/core/lv_obj_style.c.obj
[ 79%] Building C object esp-idf/lvgl/CMakeFiles/__idf_lvgl.dir/src/core/lv_obj_class.c.obj
[ 79%] Building C object esp-idf/lvgl/CMakeFiles/__idf_lvgl.dir/src/core/lv_refr.c.obj
[ 79%] Building C object esp-idf/lvgl/CMakeFiles/__idf_lvgl.dir/src/core/lv_obj_style_gen.c.obj
[ 79%] Building C object esp-idf/lvgl/CMakeFiles/__idf_lvgl.dir/src/core/lv_theme.c.obj
[ 79%] Built target __idf_espressif__esp_capture
[ 79%] Building C object esp-idf/livekit__livekit/CMakeFiles/__idf_livekit__livekit.dir/core/engine.c.obj
[ 79%] Building C object esp-idf/lvgl/CMakeFiles/__idf_lvgl.dir/src/draw/arm2d/lv_gpu_arm2d.c.obj
[ 79%] Building C object esp-idf/lvgl/CMakeFiles/__idf_lvgl.dir/src/draw/lv_draw.c.obj
[ 79%] Building C object esp-idf/lvgl/CMakeFiles/__idf_lvgl.dir/src/draw/lv_draw_arc.c.obj
[ 80%] Building C object esp-idf/lvgl/CMakeFiles/__idf_lvgl.dir/src/draw/lv_draw_img.c.obj
[ 80%] Building C object esp-idf/lvgl/CMakeFiles/__idf_lvgl.dir/src/draw/lv_draw_label.c.obj
[ 80%] Building C object esp-idf/lvgl/CMakeFiles/__idf_lvgl.dir/src/draw/lv_draw_layer.c.obj
[ 80%] Building C object esp-idf/lvgl/CMakeFiles/__idf_lvgl.dir/src/draw/lv_draw_line.c.obj
[ 80%] Building C object esp-idf/lvgl/CMakeFiles/__idf_lvgl.dir/src/draw/lv_draw_mask.c.obj
[ 80%] Building C object esp-idf/lvgl/CMakeFiles/__idf_lvgl.dir/src/draw/lv_draw_rect.c.obj
[ 80%] Building C object esp-idf/lvgl/CMakeFiles/__idf_lvgl.dir/src/draw/lv_draw_triangle.c.obj
[ 80%] Building C object esp-idf/lvgl/CMakeFiles/__idf_lvgl.dir/src/draw/lv_draw_transform.c.obj
[ 80%] Building C object esp-idf/lvgl/CMakeFiles/__idf_lvgl.dir/src/draw/lv_img_buf.c.obj
[ 80%] Building C object esp-idf/livekit__livekit/CMakeFiles/__idf_livekit__livekit.dir/core/livekit.c.obj
[ 80%] Building C object esp-idf/lvgl/CMakeFiles/__idf_lvgl.dir/src/draw/lv_img_cache.c.obj
[ 80%] Building C object esp-idf/lvgl/CMakeFiles/__idf_lvgl.dir/src/draw/lv_img_decoder.c.obj
[ 80%] Building C object esp-idf/lvgl/CMakeFiles/__idf_lvgl.dir/src/draw/nxp/pxp/lv_draw_pxp.c.obj
[ 80%] Building C object esp-idf/lvgl/CMakeFiles/__idf_lvgl.dir/src/draw/nxp/pxp/lv_draw_pxp_blend.c.obj
[ 80%] Building C object esp-idf/lvgl/CMakeFiles/__idf_lvgl.dir/src/draw/nxp/pxp/lv_gpu_nxp_pxp.c.obj
[ 80%] Building C object esp-idf/livekit__livekit/CMakeFiles/__idf_livekit__livekit.dir/core/peer.c.obj
[ 80%] Building C object esp-idf/lvgl/CMakeFiles/__idf_lvgl.dir/src/draw/nxp/pxp/lv_gpu_nxp_pxp_osa.c.obj
[ 80%] Building C object esp-idf/lvgl/CMakeFiles/__idf_lvgl.dir/src/draw/nxp/vglite/lv_draw_vglite.c.obj
[ 80%] Building C object esp-idf/lvgl/CMakeFiles/__idf_lvgl.dir/src/draw/nxp/vglite/lv_draw_vglite_arc.c.obj
[ 80%] Building C object esp-idf/lvgl/CMakeFiles/__idf_lvgl.dir/src/draw/nxp/vglite/lv_draw_vglite_blend.c.obj
[ 81%] Building C object esp-idf/lvgl/CMakeFiles/__idf_lvgl.dir/src/draw/nxp/vglite/lv_draw_vglite_rect.c.obj
[ 81%] Building C object esp-idf/lvgl/CMakeFiles/__idf_lvgl.dir/src/draw/nxp/vglite/lv_draw_vglite_line.c.obj
[ 81%] Building C object esp-idf/livekit__livekit/CMakeFiles/__idf_livekit__livekit.dir/core/protocol.c.obj
[ 81%] Building C object esp-idf/lvgl/CMakeFiles/__idf_lvgl.dir/src/draw/nxp/vglite/lv_vglite_utils.c.obj
[ 81%] Building C object esp-idf/lvgl/CMakeFiles/__idf_lvgl.dir/src/draw/nxp/vglite/lv_vglite_buf.c.obj
[ 81%] Building C object esp-idf/lvgl/CMakeFiles/__idf_lvgl.dir/src/draw/renesas/lv_gpu_d2_draw_label.c.obj
[ 81%] Building C object esp-idf/lvgl/CMakeFiles/__idf_lvgl.dir/src/draw/renesas/lv_gpu_d2_ra6m3.c.obj
[ 81%] Building C object esp-idf/lvgl/CMakeFiles/__idf_lvgl.dir/src/draw/sdl/lv_draw_sdl.c.obj
[ 81%] Building C object esp-idf/lvgl/CMakeFiles/__idf_lvgl.dir/src/draw/sdl/lv_draw_sdl_bg.c.obj
[ 81%] Building C object esp-idf/lvgl/CMakeFiles/__idf_lvgl.dir/src/draw/sdl/lv_draw_sdl_arc.c.obj
[ 81%] Building C object esp-idf/lvgl/CMakeFiles/__idf_lvgl.dir/src/draw/sdl/lv_draw_sdl_img.c.obj
[ 81%] Building C object esp-idf/lvgl/CMakeFiles/__idf_lvgl.dir/src/draw/sdl/lv_draw_sdl_composite.c.obj
[ 81%] Building C object esp-idf/lvgl/CMakeFiles/__idf_lvgl.dir/src/draw/sdl/lv_draw_sdl_label.c.obj
[ 81%] Building C object esp-idf/lvgl/CMakeFiles/__idf_lvgl.dir/src/draw/sdl/lv_draw_sdl_layer.c.obj
[ 81%] Building C object esp-idf/livekit__livekit/CMakeFiles/__idf_livekit__livekit.dir/core/rpc_manager.c.obj
[ 81%] Building C object esp-idf/lvgl/CMakeFiles/__idf_lvgl.dir/src/draw/sdl/lv_draw_sdl_line.c.obj
[ 81%] Building C object esp-idf/lvgl/CMakeFiles/__idf_lvgl.dir/src/draw/sdl/lv_draw_sdl_mask.c.obj
[ 81%] Building C object esp-idf/lvgl/CMakeFiles/__idf_lvgl.dir/src/draw/sdl/lv_draw_sdl_polygon.c.obj
[ 81%] Building C object esp-idf/lvgl/CMakeFiles/__idf_lvgl.dir/src/draw/sdl/lv_draw_sdl_rect.c.obj
[ 81%] Building C object esp-idf/livekit__livekit/CMakeFiles/__idf_livekit__livekit.dir/core/signaling.c.obj
[ 81%] Building C object esp-idf/lvgl/CMakeFiles/__idf_lvgl.dir/src/draw/sdl/lv_draw_sdl_stack_blur.c.obj
[ 81%] Building C object esp-idf/lvgl/CMakeFiles/__idf_lvgl.dir/src/draw/sdl/lv_draw_sdl_utils.c.obj
[ 81%] Building C object esp-idf/lvgl/CMakeFiles/__idf_lvgl.dir/src/draw/sdl/lv_draw_sdl_texture_cache.c.obj
[ 81%] Building C object esp-idf/lvgl/CMakeFiles/__idf_lvgl.dir/src/draw/stm32_dma2d/lv_gpu_stm32_dma2d.c.obj
[ 82%] Building C object esp-idf/lvgl/CMakeFiles/__idf_lvgl.dir/src/draw/sw/lv_draw_sw.c.obj
[ 82%] Building C object esp-idf/lvgl/CMakeFiles/__idf_lvgl.dir/src/draw/sw/lv_draw_sw_arc.c.obj
[ 82%] Building C object esp-idf/lvgl/CMakeFiles/__idf_lvgl.dir/src/draw/sw/lv_draw_sw_blend.c.obj
[ 82%] Building C object esp-idf/lvgl/CMakeFiles/__idf_lvgl.dir/src/draw/sw/lv_draw_sw_dither.c.obj
[ 82%] Building C object esp-idf/lvgl/CMakeFiles/__idf_lvgl.dir/src/draw/sw/lv_draw_sw_gradient.c.obj
[ 82%] Building C object esp-idf/livekit__livekit/CMakeFiles/__idf_livekit__livekit.dir/core/system.c.obj
[ 82%] Building C object esp-idf/lvgl/CMakeFiles/__idf_lvgl.dir/src/draw/sw/lv_draw_sw_img.c.obj
[ 82%] Building C object esp-idf/livekit__livekit/CMakeFiles/__idf_livekit__livekit.dir/core/url.c.obj
[ 82%] Building C object esp-idf/lvgl/CMakeFiles/__idf_lvgl.dir/src/draw/sw/lv_draw_sw_layer.c.obj
[ 82%] Building C object esp-idf/lvgl/CMakeFiles/__idf_lvgl.dir/src/draw/sw/lv_draw_sw_letter.c.obj
[ 82%] Building C object esp-idf/lvgl/CMakeFiles/__idf_lvgl.dir/src/draw/sw/lv_draw_sw_line.c.obj
[ 82%] Building C object esp-idf/lvgl/CMakeFiles/__idf_lvgl.dir/src/draw/sw/lv_draw_sw_polygon.c.obj
[ 83%] Building C object esp-idf/livekit__livekit/CMakeFiles/__idf_livekit__livekit.dir/core/utils.c.obj
[ 83%] Building C object esp-idf/lvgl/CMakeFiles/__idf_lvgl.dir/src/draw/sw/lv_draw_sw_rect.c.obj
[ 83%] Building C object esp-idf/lvgl/CMakeFiles/__idf_lvgl.dir/src/draw/sw/lv_draw_sw_transform.c.obj
[ 83%] Building C object esp-idf/livekit__livekit/CMakeFiles/__idf_livekit__livekit.dir/protocol/livekit_metrics.pb.c.obj
[ 83%] Building C object esp-idf/lvgl/CMakeFiles/__idf_lvgl.dir/src/draw/swm341_dma2d/lv_gpu_swm341_dma2d.c.obj
[ 83%] Building C object esp-idf/livekit__livekit/CMakeFiles/__idf_livekit__livekit.dir/protocol/livekit_models.pb.c.obj
[ 83%] Building C object esp-idf/livekit__livekit/CMakeFiles/__idf_livekit__livekit.dir/protocol/livekit_rtc.pb.c.obj
[ 83%] Building C object esp-idf/lvgl/CMakeFiles/__idf_lvgl.dir/src/extra/layouts/flex/lv_flex.c.obj
[ 83%] Building C object esp-idf/lvgl/CMakeFiles/__idf_lvgl.dir/src/extra/layouts/grid/lv_grid.c.obj
[ 83%] Building C object esp-idf/lvgl/CMakeFiles/__idf_lvgl.dir/src/extra/libs/bmp/lv_bmp.c.obj
[ 83%] Building C object esp-idf/livekit__livekit/CMakeFiles/__idf_livekit__livekit.dir/protocol/timestamp.pb.c.obj
[ 83%] Building C object esp-idf/lvgl/CMakeFiles/__idf_lvgl.dir/src/extra/libs/ffmpeg/lv_ffmpeg.c.obj
[ 83%] Building C object esp-idf/lvgl/CMakeFiles/__idf_lvgl.dir/src/extra/libs/freetype/lv_freetype.c.obj
[ 83%] Building C object esp-idf/lvgl/CMakeFiles/__idf_lvgl.dir/src/extra/libs/fsdrv/lv_fs_fatfs.c.obj
[ 84%] Building C object esp-idf/lvgl/CMakeFiles/__idf_lvgl.dir/src/extra/libs/fsdrv/lv_fs_littlefs.c.obj
[ 84%] Building C object esp-idf/lvgl/CMakeFiles/__idf_lvgl.dir/src/extra/libs/fsdrv/lv_fs_posix.c.obj
[ 84%] Building C object esp-idf/lvgl/CMakeFiles/__idf_lvgl.dir/src/extra/libs/fsdrv/lv_fs_stdio.c.obj
[ 84%] Building C object esp-idf/lvgl/CMakeFiles/__idf_lvgl.dir/src/extra/libs/fsdrv/lv_fs_win32.c.obj
[ 84%] Building C object esp-idf/lvgl/CMakeFiles/__idf_lvgl.dir/src/extra/libs/gif/gifdec.c.obj
[ 84%] Building C object esp-idf/lvgl/CMakeFiles/__idf_lvgl.dir/src/extra/libs/gif/lv_gif.c.obj
[ 84%] Building C object esp-idf/lvgl/CMakeFiles/__idf_lvgl.dir/src/extra/libs/png/lodepng.c.obj
[ 84%] Building C object esp-idf/lvgl/CMakeFiles/__idf_lvgl.dir/src/extra/libs/png/lv_png.c.obj
[ 84%] Building C object esp-idf/lvgl/CMakeFiles/__idf_lvgl.dir/src/extra/libs/qrcode/lv_qrcode.c.obj
[ 84%] Building C object esp-idf/lvgl/CMakeFiles/__idf_lvgl.dir/src/extra/libs/qrcode/qrcodegen.c.obj
[ 84%] Building C object esp-idf/lvgl/CMakeFiles/__idf_lvgl.dir/src/extra/libs/rlottie/lv_rlottie.c.obj
[ 84%] Building C object esp-idf/lvgl/CMakeFiles/__idf_lvgl.dir/src/extra/libs/sjpg/lv_sjpg.c.obj
[ 84%] Building C object esp-idf/lvgl/CMakeFiles/__idf_lvgl.dir/src/extra/libs/sjpg/tjpgd.c.obj
[ 84%] Building C object esp-idf/lvgl/CMakeFiles/__idf_lvgl.dir/src/extra/libs/tiny_ttf/lv_tiny_ttf.c.obj
[ 84%] Building C object esp-idf/lvgl/CMakeFiles/__idf_lvgl.dir/src/extra/lv_extra.c.obj
[ 84%] Building C object esp-idf/lvgl/CMakeFiles/__idf_lvgl.dir/src/extra/others/fragment/lv_fragment_manager.c.obj
[ 84%] Building C object esp-idf/lvgl/CMakeFiles/__idf_lvgl.dir/src/extra/others/fragment/lv_fragment.c.obj
[ 84%] Building C object esp-idf/lvgl/CMakeFiles/__idf_lvgl.dir/src/extra/others/gridnav/lv_gridnav.c.obj
[ 84%] Linking C static library liblivekit__livekit.a
[ 84%] Building C object esp-idf/lvgl/CMakeFiles/__idf_lvgl.dir/src/extra/others/imgfont/lv_imgfont.c.obj
[ 84%] Building C object esp-idf/lvgl/CMakeFiles/__idf_lvgl.dir/src/extra/others/ime/lv_ime_pinyin.c.obj
[ 84%] Building C object esp-idf/lvgl/CMakeFiles/__idf_lvgl.dir/src/extra/others/snapshot/lv_snapshot.c.obj
[ 85%] Building C object esp-idf/lvgl/CMakeFiles/__idf_lvgl.dir/src/extra/others/monkey/lv_monkey.c.obj
[ 85%] Building C object esp-idf/lvgl/CMakeFiles/__idf_lvgl.dir/src/extra/others/msg/lv_msg.c.obj
[ 85%] Building C object esp-idf/lvgl/CMakeFiles/__idf_lvgl.dir/src/extra/themes/basic/lv_theme_basic.c.obj
[ 85%] Building C object esp-idf/lvgl/CMakeFiles/__idf_lvgl.dir/src/extra/themes/default/lv_theme_default.c.obj
[ 85%] Building C object esp-idf/lvgl/CMakeFiles/__idf_lvgl.dir/src/extra/themes/mono/lv_theme_mono.c.obj
[ 85%] Building C object esp-idf/lvgl/CMakeFiles/__idf_lvgl.dir/src/extra/widgets/calendar/lv_calendar.c.obj
[ 85%] Building C object esp-idf/lvgl/CMakeFiles/__idf_lvgl.dir/src/extra/widgets/animimg/lv_animimg.c.obj
[ 85%] Building C object esp-idf/lvgl/CMakeFiles/__idf_lvgl.dir/src/extra/widgets/calendar/lv_calendar_header_arrow.c.obj
[ 85%] Building C object esp-idf/lvgl/CMakeFiles/__idf_lvgl.dir/src/extra/widgets/calendar/lv_calendar_header_dropdown.c.obj
[ 85%] Building C object esp-idf/lvgl/CMakeFiles/__idf_lvgl.dir/src/extra/widgets/chart/lv_chart.c.obj
[ 85%] Built target __idf_livekit__livekit
[ 85%] Building C object esp-idf/lvgl/CMakeFiles/__idf_lvgl.dir/src/extra/widgets/colorwheel/lv_colorwheel.c.obj
[ 85%] Building C object esp-idf/lvgl/CMakeFiles/__idf_lvgl.dir/src/extra/widgets/imgbtn/lv_imgbtn.c.obj
[ 85%] Building C object esp-idf/lvgl/CMakeFiles/__idf_lvgl.dir/src/extra/widgets/keyboard/lv_keyboard.c.obj
[ 85%] Building C object esp-idf/lvgl/CMakeFiles/__idf_lvgl.dir/src/extra/widgets/led/lv_led.c.obj
[ 85%] Building C object esp-idf/lvgl/CMakeFiles/__idf_lvgl.dir/src/extra/widgets/list/lv_list.c.obj
[ 85%] Building C object esp-idf/lvgl/CMakeFiles/__idf_lvgl.dir/src/extra/widgets/menu/lv_menu.c.obj
[ 85%] Building C object esp-idf/lvgl/CMakeFiles/__idf_lvgl.dir/src/extra/widgets/meter/lv_meter.c.obj
[ 85%] Building C object esp-idf/lvgl/CMakeFiles/__idf_lvgl.dir/src/extra/widgets/msgbox/lv_msgbox.c.obj
[ 85%] Building C object esp-idf/lvgl/CMakeFiles/__idf_lvgl.dir/src/extra/widgets/spinbox/lv_spinbox.c.obj
[ 86%] Building C object esp-idf/lvgl/CMakeFiles/__idf_lvgl.dir/src/extra/widgets/span/lv_span.c.obj
[ 86%] Building C object esp-idf/lvgl/CMakeFiles/__idf_lvgl.dir/src/extra/widgets/spinner/lv_spinner.c.obj
[ 86%] Building C object esp-idf/lvgl/CMakeFiles/__idf_lvgl.dir/src/extra/widgets/tabview/lv_tabview.c.obj
[ 86%] Building C object esp-idf/lvgl/CMakeFiles/__idf_lvgl.dir/src/extra/widgets/tileview/lv_tileview.c.obj
[ 86%] Building C object esp-idf/lvgl/CMakeFiles/__idf_lvgl.dir/src/extra/widgets/win/lv_win.c.obj
[ 86%] Building C object esp-idf/lvgl/CMakeFiles/__idf_lvgl.dir/src/font/lv_font.c.obj
[ 86%] Building C object esp-idf/lvgl/CMakeFiles/__idf_lvgl.dir/src/font/lv_font_dejavu_16_persian_hebrew.c.obj
[ 86%] Building C object esp-idf/lvgl/CMakeFiles/__idf_lvgl.dir/src/font/lv_font_fmt_txt.c.obj
[ 86%] Building C object esp-idf/lvgl/CMakeFiles/__idf_lvgl.dir/src/font/lv_font_loader.c.obj
[ 86%] Building C object esp-idf/lvgl/CMakeFiles/__idf_lvgl.dir/src/font/lv_font_montserrat_10.c.obj
[ 86%] Building C object esp-idf/lvgl/CMakeFiles/__idf_lvgl.dir/src/font/lv_font_montserrat_12.c.obj
[ 86%] Building C object esp-idf/lvgl/CMakeFiles/__idf_lvgl.dir/src/font/lv_font_montserrat_12_subpx.c.obj
[ 86%] Building C object esp-idf/lvgl/CMakeFiles/__idf_lvgl.dir/src/font/lv_font_montserrat_14.c.obj
[ 86%] Building C object esp-idf/lvgl/CMakeFiles/__idf_lvgl.dir/src/font/lv_font_montserrat_16.c.obj
[ 86%] Building C object esp-idf/lvgl/CMakeFiles/__idf_lvgl.dir/src/font/lv_font_montserrat_18.c.obj
[ 86%] Building C object esp-idf/lvgl/CMakeFiles/__idf_lvgl.dir/src/font/lv_font_montserrat_20.c.obj
[ 86%] Building C object esp-idf/lvgl/CMakeFiles/__idf_lvgl.dir/src/font/lv_font_montserrat_22.c.obj
[ 86%] Building C object esp-idf/lvgl/CMakeFiles/__idf_lvgl.dir/src/font/lv_font_montserrat_24.c.obj
[ 87%] Building C object esp-idf/lvgl/CMakeFiles/__idf_lvgl.dir/src/font/lv_font_montserrat_26.c.obj
[ 87%] Building C object esp-idf/lvgl/CMakeFiles/__idf_lvgl.dir/src/font/lv_font_montserrat_28.c.obj
[ 87%] Building C object esp-idf/lvgl/CMakeFiles/__idf_lvgl.dir/src/font/lv_font_montserrat_28_compressed.c.obj
[ 87%] Building C object esp-idf/lvgl/CMakeFiles/__idf_lvgl.dir/src/font/lv_font_montserrat_30.c.obj
[ 87%] Building C object esp-idf/lvgl/CMakeFiles/__idf_lvgl.dir/src/font/lv_font_montserrat_32.c.obj
[ 87%] Building C object esp-idf/lvgl/CMakeFiles/__idf_lvgl.dir/src/font/lv_font_montserrat_34.c.obj
[ 87%] Building C object esp-idf/lvgl/CMakeFiles/__idf_lvgl.dir/src/font/lv_font_montserrat_38.c.obj
[ 87%] Building C object esp-idf/lvgl/CMakeFiles/__idf_lvgl.dir/src/font/lv_font_montserrat_36.c.obj
[ 87%] Building C object esp-idf/lvgl/CMakeFiles/__idf_lvgl.dir/src/font/lv_font_montserrat_40.c.obj
[ 87%] Building C object esp-idf/lvgl/CMakeFiles/__idf_lvgl.dir/src/font/lv_font_montserrat_42.c.obj
[ 87%] Building C object esp-idf/lvgl/CMakeFiles/__idf_lvgl.dir/src/font/lv_font_montserrat_44.c.obj
[ 87%] Building C object esp-idf/lvgl/CMakeFiles/__idf_lvgl.dir/src/font/lv_font_montserrat_46.c.obj
[ 87%] Building C object esp-idf/lvgl/CMakeFiles/__idf_lvgl.dir/src/font/lv_font_montserrat_48.c.obj
[ 87%] Building C object esp-idf/lvgl/CMakeFiles/__idf_lvgl.dir/src/font/lv_font_montserrat_8.c.obj
[ 87%] Building C object esp-idf/lvgl/CMakeFiles/__idf_lvgl.dir/src/font/lv_font_simsun_16_cjk.c.obj
[ 87%] Building C object esp-idf/lvgl/CMakeFiles/__idf_lvgl.dir/src/font/lv_font_unscii_16.c.obj
[ 87%] Building C object esp-idf/lvgl/CMakeFiles/__idf_lvgl.dir/src/font/lv_font_unscii_8.c.obj
[ 87%] Building C object esp-idf/lvgl/CMakeFiles/__idf_lvgl.dir/src/hal/lv_hal_disp.c.obj
[ 87%] Building C object esp-idf/lvgl/CMakeFiles/__idf_lvgl.dir/src/hal/lv_hal_indev.c.obj
[ 87%] Building C object esp-idf/lvgl/CMakeFiles/__idf_lvgl.dir/src/hal/lv_hal_tick.c.obj
[ 88%] Building C object esp-idf/lvgl/CMakeFiles/__idf_lvgl.dir/src/misc/lv_anim.c.obj
[ 88%] Building C object esp-idf/lvgl/CMakeFiles/__idf_lvgl.dir/src/misc/lv_anim_timeline.c.obj
[ 88%] Building C object esp-idf/lvgl/CMakeFiles/__idf_lvgl.dir/src/misc/lv_area.c.obj
[ 88%] Building C object esp-idf/lvgl/CMakeFiles/__idf_lvgl.dir/src/misc/lv_async.c.obj
[ 88%] Building C object esp-idf/lvgl/CMakeFiles/__idf_lvgl.dir/src/misc/lv_bidi.c.obj
[ 88%] Building C object esp-idf/lvgl/CMakeFiles/__idf_lvgl.dir/src/misc/lv_color.c.obj
[ 88%] Building C object esp-idf/lvgl/CMakeFiles/__idf_lvgl.dir/src/misc/lv_fs.c.obj
[ 88%] Building C object esp-idf/lvgl/CMakeFiles/__idf_lvgl.dir/src/misc/lv_gc.c.obj
[ 88%] Building C object esp-idf/lvgl/CMakeFiles/__idf_lvgl.dir/src/misc/lv_ll.c.obj
[ 88%] Building C object esp-idf/lvgl/CMakeFiles/__idf_lvgl.dir/src/misc/lv_log.c.obj
[ 88%] Building C object esp-idf/lvgl/CMakeFiles/__idf_lvgl.dir/src/misc/lv_lru.c.obj
[ 88%] Building C object esp-idf/lvgl/CMakeFiles/__idf_lvgl.dir/src/misc/lv_math.c.obj
[ 88%] Building C object esp-idf/lvgl/CMakeFiles/__idf_lvgl.dir/src/misc/lv_mem.c.obj
[ 88%] Building C object esp-idf/lvgl/CMakeFiles/__idf_lvgl.dir/src/misc/lv_printf.c.obj
[ 88%] Building C object esp-idf/lvgl/CMakeFiles/__idf_lvgl.dir/src/misc/lv_templ.c.obj
[ 88%] Building C object esp-idf/lvgl/CMakeFiles/__idf_lvgl.dir/src/misc/lv_style.c.obj
[ 88%] Building C object esp-idf/lvgl/CMakeFiles/__idf_lvgl.dir/src/misc/lv_tlsf.c.obj
[ 88%] Building C object esp-idf/lvgl/CMakeFiles/__idf_lvgl.dir/src/misc/lv_timer.c.obj
[ 88%] Building C object esp-idf/lvgl/CMakeFiles/__idf_lvgl.dir/src/misc/lv_style_gen.c.obj
[ 89%] Building C object esp-idf/lvgl/CMakeFiles/__idf_lvgl.dir/src/misc/lv_txt.c.obj
[ 89%] Building C object esp-idf/lvgl/CMakeFiles/__idf_lvgl.dir/src/misc/lv_txt_ap.c.obj
[ 89%] Building C object esp-idf/lvgl/CMakeFiles/__idf_lvgl.dir/src/misc/lv_utils.c.obj
[ 89%] Building C object esp-idf/lvgl/CMakeFiles/__idf_lvgl.dir/src/widgets/lv_arc.c.obj
[ 89%] Building C object esp-idf/lvgl/CMakeFiles/__idf_lvgl.dir/src/widgets/lv_bar.c.obj
[ 89%] Building C object esp-idf/lvgl/CMakeFiles/__idf_lvgl.dir/src/widgets/lv_btnmatrix.c.obj
[ 89%] Building C object esp-idf/lvgl/CMakeFiles/__idf_lvgl.dir/src/widgets/lv_btn.c.obj
[ 89%] Building C object esp-idf/lvgl/CMakeFiles/__idf_lvgl.dir/src/widgets/lv_canvas.c.obj
[ 89%] Building C object esp-idf/lvgl/CMakeFiles/__idf_lvgl.dir/src/widgets/lv_checkbox.c.obj
[ 89%] Building C object esp-idf/lvgl/CMakeFiles/__idf_lvgl.dir/src/widgets/lv_dropdown.c.obj
[ 89%] Building C object esp-idf/lvgl/CMakeFiles/__idf_lvgl.dir/src/widgets/lv_img.c.obj
[ 89%] Building C object esp-idf/lvgl/CMakeFiles/__idf_lvgl.dir/src/widgets/lv_line.c.obj
[ 89%] Building C object esp-idf/lvgl/CMakeFiles/__idf_lvgl.dir/src/widgets/lv_objx_templ.c.obj
[ 89%] Building C object esp-idf/lvgl/CMakeFiles/__idf_lvgl.dir/src/widgets/lv_label.c.obj
[ 89%] Building C object esp-idf/lvgl/CMakeFiles/__idf_lvgl.dir/src/widgets/lv_roller.c.obj
[ 89%] Building C object esp-idf/lvgl/CMakeFiles/__idf_lvgl.dir/src/widgets/lv_slider.c.obj
[ 89%] Building C object esp-idf/lvgl/CMakeFiles/__idf_lvgl.dir/src/widgets/lv_switch.c.obj
[ 89%] Building C object esp-idf/lvgl/CMakeFiles/__idf_lvgl.dir/src/widgets/lv_table.c.obj
[ 89%] Building C object esp-idf/lvgl/CMakeFiles/__idf_lvgl.dir/src/widgets/lv_textarea.c.obj
[ 89%] Building C object esp-idf/lvgl/CMakeFiles/__idf_lvgl.dir/examples/anim/lv_example_anim_2.c.obj
[ 90%] Building C object esp-idf/lvgl/CMakeFiles/__idf_lvgl.dir/examples/anim/lv_example_anim_1.c.obj
[ 90%] Building C object esp-idf/lvgl/CMakeFiles/__idf_lvgl.dir/examples/anim/lv_example_anim_3.c.obj
[ 90%] Building C object esp-idf/lvgl/CMakeFiles/__idf_lvgl.dir/examples/anim/lv_example_anim_timeline_1.c.obj
[ 90%] Building C object esp-idf/lvgl/CMakeFiles/__idf_lvgl.dir/examples/assets/animimg001.c.obj
[ 90%] Building C object esp-idf/lvgl/CMakeFiles/__idf_lvgl.dir/examples/assets/animimg002.c.obj
[ 90%] Building C object esp-idf/lvgl/CMakeFiles/__idf_lvgl.dir/examples/assets/animimg003.c.obj
[ 90%] Building C object esp-idf/lvgl/CMakeFiles/__idf_lvgl.dir/examples/assets/emoji/img_emoji_F617.c.obj
[ 90%] Building C object esp-idf/lvgl/CMakeFiles/__idf_lvgl.dir/examples/assets/img_caret_down.c.obj
[ 90%] Building C object esp-idf/lvgl/CMakeFiles/__idf_lvgl.dir/examples/assets/img_cogwheel_alpha16.c.obj
[ 90%] Building C object esp-idf/lvgl/CMakeFiles/__idf_lvgl.dir/examples/assets/img_cogwheel_rgb.c.obj
[ 90%] Building C object esp-idf/lvgl/CMakeFiles/__idf_lvgl.dir/examples/assets/img_cogwheel_argb.c.obj
[ 90%] Building C object esp-idf/lvgl/CMakeFiles/__idf_lvgl.dir/examples/assets/img_cogwheel_indexed16.c.obj
[ 90%] Building C object esp-idf/lvgl/CMakeFiles/__idf_lvgl.dir/examples/assets/img_cogwheel_chroma_keyed.c.obj
[ 90%] Building C object esp-idf/lvgl/CMakeFiles/__idf_lvgl.dir/examples/assets/img_hand.c.obj
[ 90%] Building C object esp-idf/lvgl/CMakeFiles/__idf_lvgl.dir/examples/assets/img_skew_strip.c.obj
[ 90%] Building C object esp-idf/lvgl/CMakeFiles/__idf_lvgl.dir/examples/assets/img_star.c.obj
[ 90%] Building C object esp-idf/lvgl/CMakeFiles/__idf_lvgl.dir/examples/assets/imgbtn_left.c.obj
[ 90%] Building C object esp-idf/lvgl/CMakeFiles/__idf_lvgl.dir/examples/assets/imgbtn_mid.c.obj
[ 90%] Building C object esp-idf/lvgl/CMakeFiles/__idf_lvgl.dir/examples/assets/imgbtn_right.c.obj
[ 91%] Building C object esp-idf/lvgl/CMakeFiles/__idf_lvgl.dir/examples/event/lv_example_event_1.c.obj
[ 91%] Building C object esp-idf/lvgl/CMakeFiles/__idf_lvgl.dir/examples/event/lv_example_event_3.c.obj
[ 91%] Building C object esp-idf/lvgl/CMakeFiles/__idf_lvgl.dir/examples/event/lv_example_event_2.c.obj
[ 91%] Building C object esp-idf/lvgl/CMakeFiles/__idf_lvgl.dir/examples/event/lv_example_event_4.c.obj
[ 91%] Building C object esp-idf/lvgl/CMakeFiles/__idf_lvgl.dir/examples/get_started/lv_example_get_started_1.c.obj
[ 91%] Building C object esp-idf/lvgl/CMakeFiles/__idf_lvgl.dir/examples/layouts/flex/lv_example_flex_1.c.obj
[ 91%] Building C object esp-idf/lvgl/CMakeFiles/__idf_lvgl.dir/examples/get_started/lv_example_get_started_2.c.obj
[ 91%] Building C object esp-idf/lvgl/CMakeFiles/__idf_lvgl.dir/examples/get_started/lv_example_get_started_3.c.obj
[ 91%] Building C object esp-idf/lvgl/CMakeFiles/__idf_lvgl.dir/examples/layouts/flex/lv_example_flex_2.c.obj
[ 91%] Building C object esp-idf/lvgl/CMakeFiles/__idf_lvgl.dir/examples/layouts/flex/lv_example_flex_3.c.obj
[ 91%] Building C object esp-idf/lvgl/CMakeFiles/__idf_lvgl.dir/examples/layouts/flex/lv_example_flex_4.c.obj
[ 91%] Building C object esp-idf/lvgl/CMakeFiles/__idf_lvgl.dir/examples/layouts/flex/lv_example_flex_5.c.obj
[ 91%] Building C object esp-idf/lvgl/CMakeFiles/__idf_lvgl.dir/examples/layouts/flex/lv_example_flex_6.c.obj
[ 91%] Building C object esp-idf/lvgl/CMakeFiles/__idf_lvgl.dir/examples/layouts/grid/lv_example_grid_1.c.obj
[ 91%] Building C object esp-idf/lvgl/CMakeFiles/__idf_lvgl.dir/examples/layouts/grid/lv_example_grid_2.c.obj
[ 91%] Building C object esp-idf/lvgl/CMakeFiles/__idf_lvgl.dir/examples/layouts/grid/lv_example_grid_3.c.obj
[ 91%] Building C object esp-idf/lvgl/CMakeFiles/__idf_lvgl.dir/examples/layouts/grid/lv_example_grid_4.c.obj
[ 91%] Building C object esp-idf/lvgl/CMakeFiles/__idf_lvgl.dir/examples/layouts/grid/lv_example_grid_5.c.obj
[ 91%] Building C object esp-idf/lvgl/CMakeFiles/__idf_lvgl.dir/examples/layouts/grid/lv_example_grid_6.c.obj
[ 92%] Building C object esp-idf/lvgl/CMakeFiles/__idf_lvgl.dir/examples/libs/bmp/lv_example_bmp_1.c.obj
[ 92%] Building C object esp-idf/lvgl/CMakeFiles/__idf_lvgl.dir/examples/libs/ffmpeg/lv_example_ffmpeg_1.c.obj
[ 92%] Building C object esp-idf/lvgl/CMakeFiles/__idf_lvgl.dir/examples/libs/freetype/lv_example_freetype_1.c.obj
[ 92%] Building C object esp-idf/lvgl/CMakeFiles/__idf_lvgl.dir/examples/libs/ffmpeg/lv_example_ffmpeg_2.c.obj
[ 92%] Building C object esp-idf/lvgl/CMakeFiles/__idf_lvgl.dir/examples/libs/gif/img_bulb_gif.c.obj
[ 92%] Building C object esp-idf/lvgl/CMakeFiles/__idf_lvgl.dir/examples/libs/gif/lv_example_gif_1.c.obj
[ 92%] Building C object esp-idf/lvgl/CMakeFiles/__idf_lvgl.dir/examples/libs/png/img_wink_png.c.obj
[ 92%] Building C object esp-idf/lvgl/CMakeFiles/__idf_lvgl.dir/examples/libs/png/lv_example_png_1.c.obj
[ 92%] Building C object esp-idf/lvgl/CMakeFiles/__idf_lvgl.dir/examples/libs/qrcode/lv_example_qrcode_1.c.obj
[ 92%] Building C object esp-idf/lvgl/CMakeFiles/__idf_lvgl.dir/examples/libs/rlottie/lv_example_rlottie_1.c.obj
[ 92%] Building C object esp-idf/lvgl/CMakeFiles/__idf_lvgl.dir/examples/libs/sjpg/lv_example_sjpg_1.c.obj
[ 92%] Building C object esp-idf/lvgl/CMakeFiles/__idf_lvgl.dir/examples/libs/rlottie/lv_example_rlottie_approve.c.obj
[ 92%] Building C object esp-idf/lvgl/CMakeFiles/__idf_lvgl.dir/examples/libs/rlottie/lv_example_rlottie_2.c.obj
[ 92%] Building C object esp-idf/lvgl/CMakeFiles/__idf_lvgl.dir/examples/others/fragment/lv_example_fragment_1.c.obj
[ 92%] Building C object esp-idf/lvgl/CMakeFiles/__idf_lvgl.dir/examples/others/fragment/lv_example_fragment_2.c.obj
[ 92%] Building C object esp-idf/lvgl/CMakeFiles/__idf_lvgl.dir/examples/others/gridnav/lv_example_gridnav_1.c.obj
[ 92%] Building C object esp-idf/lvgl/CMakeFiles/__idf_lvgl.dir/examples/others/gridnav/lv_example_gridnav_2.c.obj
[ 92%] Building C object esp-idf/lvgl/CMakeFiles/__idf_lvgl.dir/examples/others/gridnav/lv_example_gridnav_4.c.obj
[ 92%] Building C object esp-idf/lvgl/CMakeFiles/__idf_lvgl.dir/examples/others/gridnav/lv_example_gridnav_3.c.obj
[ 93%] Building C object esp-idf/lvgl/CMakeFiles/__idf_lvgl.dir/examples/others/ime/lv_example_ime_pinyin_1.c.obj
[ 93%] Building C object esp-idf/lvgl/CMakeFiles/__idf_lvgl.dir/examples/others/imgfont/lv_example_imgfont_1.c.obj
[ 93%] Building C object esp-idf/lvgl/CMakeFiles/__idf_lvgl.dir/examples/others/ime/lv_example_ime_pinyin_2.c.obj
[ 93%] Building C object esp-idf/lvgl/CMakeFiles/__idf_lvgl.dir/examples/others/monkey/lv_example_monkey_1.c.obj
[ 93%] Building C object esp-idf/lvgl/CMakeFiles/__idf_lvgl.dir/examples/others/monkey/lv_example_monkey_2.c.obj
[ 93%] Building C object esp-idf/lvgl/CMakeFiles/__idf_lvgl.dir/examples/others/monkey/lv_example_monkey_3.c.obj
[ 93%] Building C object esp-idf/lvgl/CMakeFiles/__idf_lvgl.dir/examples/others/msg/lv_example_msg_1.c.obj
[ 93%] Building C object esp-idf/lvgl/CMakeFiles/__idf_lvgl.dir/examples/others/msg/lv_example_msg_2.c.obj
[ 93%] Building C object esp-idf/lvgl/CMakeFiles/__idf_lvgl.dir/examples/others/snapshot/lv_example_snapshot_1.c.obj
[ 93%] Building C object esp-idf/lvgl/CMakeFiles/__idf_lvgl.dir/examples/others/msg/lv_example_msg_3.c.obj
[ 93%] Building C object esp-idf/lvgl/CMakeFiles/__idf_lvgl.dir/examples/porting/lv_port_disp_template.c.obj
[ 93%] Building C object esp-idf/lvgl/CMakeFiles/__idf_lvgl.dir/examples/porting/lv_port_fs_template.c.obj
[ 93%] Building C object esp-idf/lvgl/CMakeFiles/__idf_lvgl.dir/examples/porting/lv_port_indev_template.c.obj
[ 93%] Building C object esp-idf/lvgl/CMakeFiles/__idf_lvgl.dir/examples/scroll/lv_example_scroll_2.c.obj
[ 93%] Building C object esp-idf/lvgl/CMakeFiles/__idf_lvgl.dir/examples/scroll/lv_example_scroll_1.c.obj
[ 93%] Building C object esp-idf/lvgl/CMakeFiles/__idf_lvgl.dir/examples/scroll/lv_example_scroll_3.c.obj
[ 93%] Building C object esp-idf/lvgl/CMakeFiles/__idf_lvgl.dir/examples/scroll/lv_example_scroll_5.c.obj
[ 93%] Building C object esp-idf/lvgl/CMakeFiles/__idf_lvgl.dir/examples/scroll/lv_example_scroll_4.c.obj
[ 93%] Building C object esp-idf/lvgl/CMakeFiles/__idf_lvgl.dir/examples/scroll/lv_example_scroll_6.c.obj
[ 93%] Building C object esp-idf/lvgl/CMakeFiles/__idf_lvgl.dir/examples/styles/lv_example_style_1.c.obj
[ 93%] Building C object esp-idf/lvgl/CMakeFiles/__idf_lvgl.dir/examples/styles/lv_example_style_11.c.obj
[ 94%] Building C object esp-idf/lvgl/CMakeFiles/__idf_lvgl.dir/examples/styles/lv_example_style_10.c.obj
[ 94%] Building C object esp-idf/lvgl/CMakeFiles/__idf_lvgl.dir/examples/styles/lv_example_style_12.c.obj
[ 94%] Building C object esp-idf/lvgl/CMakeFiles/__idf_lvgl.dir/examples/styles/lv_example_style_13.c.obj
[ 94%] Building C object esp-idf/lvgl/CMakeFiles/__idf_lvgl.dir/examples/styles/lv_example_style_14.c.obj
[ 94%] Building C object esp-idf/lvgl/CMakeFiles/__idf_lvgl.dir/examples/styles/lv_example_style_15.c.obj
[ 94%] Building C object esp-idf/lvgl/CMakeFiles/__idf_lvgl.dir/examples/styles/lv_example_style_2.c.obj
[ 94%] Building C object esp-idf/lvgl/CMakeFiles/__idf_lvgl.dir/examples/styles/lv_example_style_3.c.obj
[ 94%] Building C object esp-idf/lvgl/CMakeFiles/__idf_lvgl.dir/examples/styles/lv_example_style_4.c.obj
[ 94%] Building C object esp-idf/lvgl/CMakeFiles/__idf_lvgl.dir/examples/styles/lv_example_style_5.c.obj
[ 94%] Building C object esp-idf/lvgl/CMakeFiles/__idf_lvgl.dir/examples/styles/lv_example_style_6.c.obj
[ 94%] Building C object esp-idf/lvgl/CMakeFiles/__idf_lvgl.dir/examples/styles/lv_example_style_7.c.obj
[ 94%] Building C object esp-idf/lvgl/CMakeFiles/__idf_lvgl.dir/examples/styles/lv_example_style_9.c.obj
[ 94%] Building C object esp-idf/lvgl/CMakeFiles/__idf_lvgl.dir/examples/styles/lv_example_style_8.c.obj
[ 94%] Building C object esp-idf/lvgl/CMakeFiles/__idf_lvgl.dir/examples/widgets/animimg/lv_example_animimg_1.c.obj
[ 94%] Building C object esp-idf/lvgl/CMakeFiles/__idf_lvgl.dir/examples/widgets/arc/lv_example_arc_1.c.obj
[ 94%] Building C object esp-idf/lvgl/CMakeFiles/__idf_lvgl.dir/examples/widgets/bar/lv_example_bar_4.c.obj
[ 95%] Building C object esp-idf/lvgl/CMakeFiles/__idf_lvgl.dir/examples/widgets/bar/lv_example_bar_3.c.obj
[ 95%] Building C object esp-idf/lvgl/CMakeFiles/__idf_lvgl.dir/examples/widgets/arc/lv_example_arc_2.c.obj
[ 95%] Building C object esp-idf/lvgl/CMakeFiles/__idf_lvgl.dir/examples/widgets/bar/lv_example_bar_1.c.obj
[ 95%] Building C object esp-idf/lvgl/CMakeFiles/__idf_lvgl.dir/examples/widgets/bar/lv_example_bar_2.c.obj
[ 95%] Building C object esp-idf/lvgl/CMakeFiles/__idf_lvgl.dir/examples/widgets/bar/lv_example_bar_6.c.obj
[ 95%] Building C object esp-idf/lvgl/CMakeFiles/__idf_lvgl.dir/examples/widgets/bar/lv_example_bar_5.c.obj
[ 95%] Building C object esp-idf/lvgl/CMakeFiles/__idf_lvgl.dir/examples/widgets/btn/lv_example_btn_1.c.obj
[ 95%] Building C object esp-idf/lvgl/CMakeFiles/__idf_lvgl.dir/examples/widgets/btn/lv_example_btn_2.c.obj
[ 95%] Building C object esp-idf/lvgl/CMakeFiles/__idf_lvgl.dir/examples/widgets/btn/lv_example_btn_3.c.obj
[ 95%] Building C object esp-idf/lvgl/CMakeFiles/__idf_lvgl.dir/examples/widgets/btnmatrix/lv_example_btnmatrix_1.c.obj
[ 95%] Building C object esp-idf/lvgl/CMakeFiles/__idf_lvgl.dir/examples/widgets/btnmatrix/lv_example_btnmatrix_2.c.obj
[ 95%] Building C object esp-idf/lvgl/CMakeFiles/__idf_lvgl.dir/examples/widgets/btnmatrix/lv_example_btnmatrix_3.c.obj
[ 95%] Building C object esp-idf/lvgl/CMakeFiles/__idf_lvgl.dir/examples/widgets/calendar/lv_example_calendar_1.c.obj
[ 95%] Building C object esp-idf/lvgl/CMakeFiles/__idf_lvgl.dir/examples/widgets/canvas/lv_example_canvas_1.c.obj
[ 95%] Building C object esp-idf/lvgl/CMakeFiles/__idf_lvgl.dir/examples/widgets/chart/lv_example_chart_1.c.obj
[ 95%] Building C object esp-idf/lvgl/CMakeFiles/__idf_lvgl.dir/examples/widgets/canvas/lv_example_canvas_2.c.obj
[ 95%] Building C object esp-idf/lvgl/CMakeFiles/__idf_lvgl.dir/examples/widgets/chart/lv_example_chart_2.c.obj
[ 95%] Building C object esp-idf/lvgl/CMakeFiles/__idf_lvgl.dir/examples/widgets/chart/lv_example_chart_3.c.obj
[ 95%] Building C object esp-idf/lvgl/CMakeFiles/__idf_lvgl.dir/examples/widgets/chart/lv_example_chart_4.c.obj
[ 95%] Building C object esp-idf/lvgl/CMakeFiles/__idf_lvgl.dir/examples/widgets/chart/lv_example_chart_5.c.obj
[ 95%] Building C object esp-idf/lvgl/CMakeFiles/__idf_lvgl.dir/examples/widgets/chart/lv_example_chart_6.c.obj
[ 96%] Building C object esp-idf/lvgl/CMakeFiles/__idf_lvgl.dir/examples/widgets/chart/lv_example_chart_8.c.obj
[ 96%] Building C object esp-idf/lvgl/CMakeFiles/__idf_lvgl.dir/examples/widgets/chart/lv_example_chart_7.c.obj
[ 96%] Building C object esp-idf/lvgl/CMakeFiles/__idf_lvgl.dir/examples/widgets/chart/lv_example_chart_9.c.obj
[ 96%] Building C object esp-idf/lvgl/CMakeFiles/__idf_lvgl.dir/examples/widgets/checkbox/lv_example_checkbox_1.c.obj
[ 96%] Building C object esp-idf/lvgl/CMakeFiles/__idf_lvgl.dir/examples/widgets/checkbox/lv_example_checkbox_2.c.obj
[ 96%] Building C object esp-idf/lvgl/CMakeFiles/__idf_lvgl.dir/examples/widgets/dropdown/lv_example_dropdown_1.c.obj
[ 96%] Building C object esp-idf/lvgl/CMakeFiles/__idf_lvgl.dir/examples/widgets/colorwheel/lv_example_colorwheel_1.c.obj
[ 96%] Building C object esp-idf/lvgl/CMakeFiles/__idf_lvgl.dir/examples/widgets/dropdown/lv_example_dropdown_2.c.obj
[ 96%] Building C object esp-idf/lvgl/CMakeFiles/__idf_lvgl.dir/examples/widgets/dropdown/lv_example_dropdown_3.c.obj
[ 96%] Building C object esp-idf/lvgl/CMakeFiles/__idf_lvgl.dir/examples/widgets/img/lv_example_img_1.c.obj
[ 96%] Building C object esp-idf/lvgl/CMakeFiles/__idf_lvgl.dir/examples/widgets/img/lv_example_img_2.c.obj
[ 96%] Building C object esp-idf/lvgl/CMakeFiles/__idf_lvgl.dir/examples/widgets/img/lv_example_img_3.c.obj
[ 96%] Building C object esp-idf/lvgl/CMakeFiles/__idf_lvgl.dir/examples/widgets/img/lv_example_img_4.c.obj
[ 96%] Building C object esp-idf/lvgl/CMakeFiles/__idf_lvgl.dir/examples/widgets/label/lv_example_label_1.c.obj
[ 96%] Building C object esp-idf/lvgl/CMakeFiles/__idf_lvgl.dir/examples/widgets/imgbtn/lv_example_imgbtn_1.c.obj
[ 96%] Building C object esp-idf/lvgl/CMakeFiles/__idf_lvgl.dir/examples/widgets/keyboard/lv_example_keyboard_1.c.obj
[ 96%] Building C object esp-idf/lvgl/CMakeFiles/__idf_lvgl.dir/examples/widgets/label/lv_example_label_2.c.obj
[ 96%] Building C object esp-idf/lvgl/CMakeFiles/__idf_lvgl.dir/examples/widgets/label/lv_example_label_3.c.obj
[ 96%] Building C object esp-idf/lvgl/CMakeFiles/__idf_lvgl.dir/examples/widgets/label/lv_example_label_4.c.obj
[ 96%] Building C object esp-idf/lvgl/CMakeFiles/__idf_lvgl.dir/examples/widgets/line/lv_example_line_1.c.obj
[ 96%] Building C object esp-idf/lvgl/CMakeFiles/__idf_lvgl.dir/examples/widgets/label/lv_example_label_5.c.obj
[ 97%] Building C object esp-idf/lvgl/CMakeFiles/__idf_lvgl.dir/examples/widgets/led/lv_example_led_1.c.obj
[ 97%] Building C object esp-idf/lvgl/CMakeFiles/__idf_lvgl.dir/examples/widgets/list/lv_example_list_1.c.obj
[ 97%] Building C object esp-idf/lvgl/CMakeFiles/__idf_lvgl.dir/examples/widgets/list/lv_example_list_2.c.obj
[ 97%] Building C object esp-idf/lvgl/CMakeFiles/__idf_lvgl.dir/examples/widgets/menu/lv_example_menu_3.c.obj
[ 97%] Building C object esp-idf/lvgl/CMakeFiles/__idf_lvgl.dir/examples/widgets/menu/lv_example_menu_1.c.obj
[ 97%] Building C object esp-idf/lvgl/CMakeFiles/__idf_lvgl.dir/examples/widgets/menu/lv_example_menu_4.c.obj
[ 97%] Building C object esp-idf/lvgl/CMakeFiles/__idf_lvgl.dir/examples/widgets/menu/lv_example_menu_2.c.obj
[ 97%] Building C object esp-idf/lvgl/CMakeFiles/__idf_lvgl.dir/examples/widgets/menu/lv_example_menu_5.c.obj
[ 97%] Building C object esp-idf/lvgl/CMakeFiles/__idf_lvgl.dir/examples/widgets/meter/lv_example_meter_1.c.obj
[ 97%] Building C object esp-idf/lvgl/CMakeFiles/__idf_lvgl.dir/examples/widgets/meter/lv_example_meter_4.c.obj
[ 97%] Building C object esp-idf/lvgl/CMakeFiles/__idf_lvgl.dir/examples/widgets/meter/lv_example_meter_3.c.obj
[ 97%] Building C object esp-idf/lvgl/CMakeFiles/__idf_lvgl.dir/examples/widgets/meter/lv_example_meter_2.c.obj
[ 97%] Building C object esp-idf/lvgl/CMakeFiles/__idf_lvgl.dir/examples/widgets/msgbox/lv_example_msgbox_1.c.obj
[ 97%] Building C object esp-idf/lvgl/CMakeFiles/__idf_lvgl.dir/examples/widgets/obj/lv_example_obj_1.c.obj
[ 97%] Building C object esp-idf/lvgl/CMakeFiles/__idf_lvgl.dir/examples/widgets/obj/lv_example_obj_2.c.obj
[ 97%] Building C object esp-idf/lvgl/CMakeFiles/__idf_lvgl.dir/examples/widgets/roller/lv_example_roller_1.c.obj
[ 97%] Building C object esp-idf/lvgl/CMakeFiles/__idf_lvgl.dir/examples/widgets/roller/lv_example_roller_2.c.obj
[ 97%] Building C object esp-idf/lvgl/CMakeFiles/__idf_lvgl.dir/examples/widgets/roller/lv_example_roller_3.c.obj
[ 98%] Building C object esp-idf/lvgl/CMakeFiles/__idf_lvgl.dir/examples/widgets/slider/lv_example_slider_1.c.obj
[ 98%] Building C object esp-idf/lvgl/CMakeFiles/__idf_lvgl.dir/examples/widgets/slider/lv_example_slider_2.c.obj
[ 98%] Building C object esp-idf/lvgl/CMakeFiles/__idf_lvgl.dir/examples/widgets/slider/lv_example_slider_3.c.obj
[ 98%] Building C object esp-idf/lvgl/CMakeFiles/__idf_lvgl.dir/examples/widgets/span/lv_example_span_1.c.obj
[ 98%] Building C object esp-idf/lvgl/CMakeFiles/__idf_lvgl.dir/examples/widgets/spinner/lv_example_spinner_1.c.obj
[ 98%] Building C object esp-idf/lvgl/CMakeFiles/__idf_lvgl.dir/examples/widgets/switch/lv_example_switch_1.c.obj
[ 98%] Building C object esp-idf/lvgl/CMakeFiles/__idf_lvgl.dir/examples/widgets/spinbox/lv_example_spinbox_1.c.obj
[ 98%] Building C object esp-idf/lvgl/CMakeFiles/__idf_lvgl.dir/examples/widgets/table/lv_example_table_1.c.obj
[ 98%] Building C object esp-idf/lvgl/CMakeFiles/__idf_lvgl.dir/examples/widgets/table/lv_example_table_2.c.obj
[ 98%] Building C object esp-idf/lvgl/CMakeFiles/__idf_lvgl.dir/examples/widgets/tabview/lv_example_tabview_1.c.obj
[ 98%] Building C object esp-idf/lvgl/CMakeFiles/__idf_lvgl.dir/examples/widgets/tabview/lv_example_tabview_2.c.obj
[ 98%] Building C object esp-idf/lvgl/CMakeFiles/__idf_lvgl.dir/examples/widgets/textarea/lv_example_textarea_1.c.obj
[ 98%] Building C object esp-idf/lvgl/CMakeFiles/__idf_lvgl.dir/examples/widgets/tileview/lv_example_tileview_1.c.obj
[ 98%] Building C object esp-idf/lvgl/CMakeFiles/__idf_lvgl.dir/examples/widgets/textarea/lv_example_textarea_3.c.obj
[ 98%] Building C object esp-idf/lvgl/CMakeFiles/__idf_lvgl.dir/examples/widgets/textarea/lv_example_textarea_2.c.obj
[ 98%] Building C object esp-idf/lvgl/CMakeFiles/__idf_lvgl.dir/examples/widgets/win/lv_example_win_1.c.obj
[ 98%] Linking C static library liblvgl.a
[ 98%] Built target __idf_lvgl
[ 98%] Building C object esp-idf/esp_lvgl_port/CMakeFiles/__idf_esp_lvgl_port.dir/esp_lvgl_port.c.obj
[ 98%] Building C object esp-idf/esp_lvgl_port/CMakeFiles/__idf_esp_lvgl_port.dir/images/img_cursor.c.obj
/Users/light/dev/web-apps/aligned-tools/hardware/watcher-firmware/components/esp_lvgl_port/esp_lvgl_port.c: In function 'lvgl_port_touchpad_read':
/Users/light/dev/web-apps/aligned-tools/hardware/watcher-firmware/components/esp_lvgl_port/esp_lvgl_port.c:958:5: warning: 'esp_lcd_touch_get_coordinates' is deprecated: This API will be removed in version 2.0.0. Use esp_lcd_touch_get_data instead! [-Wdeprecated-declarations]
  958 |     bool touchpad_pressed = esp_lcd_touch_get_coordinates(touch_ctx->handle, touchpad_x, touchpad_y, touchpad_strength, &touchpad_cnt, 1);
      |     ^~~~
In file included from /Users/light/dev/web-apps/aligned-tools/hardware/watcher-firmware/components/esp_lvgl_port/include/esp_lvgl_port.h:22,
                 from /Users/light/dev/web-apps/aligned-tools/hardware/watcher-firmware/components/esp_lvgl_port/esp_lvgl_port.c:17:
/Users/light/dev/web-apps/aligned-tools/hardware/watcher-firmware/examples/aligned-realtime/managed_components/espressif__esp_lcd_touch/include/esp_lcd_touch.h:317:6: note: declared here
  317 | bool esp_lcd_touch_get_coordinates(esp_lcd_touch_handle_t tp, uint16_t *x, uint16_t *y, uint16_t *strength, uint8_t *point_num, uint8_t max_point_num);
      |      ^~~~~~~~~~~~~~~~~~~~~~~~~~~~~
[ 98%] Linking C static library libesp_lvgl_port.a
[ 98%] Built target __idf_esp_lvgl_port
[ 98%] Building C object esp-idf/sensecap-watcher/CMakeFiles/__idf_sensecap-watcher.dir/sensecap-watcher.c.obj
[ 98%] Linking C static library libsensecap-watcher.a
[ 98%] Built target __idf_sensecap-watcher
[ 98%] Building CXX object esp-idf/src/CMakeFiles/__idf_src.dir/aligned_client.cpp.obj
[ 98%] Building CXX object esp-idf/src/CMakeFiles/__idf_src.dir/main.cpp.obj
[ 98%] Building C object esp-idf/src/CMakeFiles/__idf_src.dir/livekit_room.c.obj
[ 98%] Building C object esp-idf/src/CMakeFiles/__idf_src.dir/media.c.obj
[ 98%] Building CXX object esp-idf/src/CMakeFiles/__idf_src.dir/wifi.cpp.obj
[ 98%] Building C object esp-idf/src/CMakeFiles/__idf_src.dir/board.c.obj
[ 98%] Building CXX object esp-idf/src/CMakeFiles/__idf_src.dir/cmd.cpp.obj
[ 98%] Building C object esp-idf/src/CMakeFiles/__idf_src.dir/ui/listening_C.c.obj
[ 98%] Building C object esp-idf/src/CMakeFiles/__idf_src.dir/ui/listening_B.c.obj
[ 98%] Building C object esp-idf/src/CMakeFiles/__idf_src.dir/ui/listening_A.c.obj
[ 98%] Building C object esp-idf/src/CMakeFiles/__idf_src.dir/ui/speaking_A.c.obj
[ 98%] Building C object esp-idf/src/CMakeFiles/__idf_src.dir/ui/listening_D.c.obj
[ 98%] Building C object esp-idf/src/CMakeFiles/__idf_src.dir/ui/listening_E.c.obj
[100%] Building C object esp-idf/src/CMakeFiles/__idf_src.dir/ui/speaking_D.c.obj
[100%] Building C object esp-idf/src/CMakeFiles/__idf_src.dir/ui/speaking_C.c.obj
[100%] Building C object esp-idf/src/CMakeFiles/__idf_src.dir/ui/speaking_B.c.obj
[100%] Building C object esp-idf/src/CMakeFiles/__idf_src.dir/ui/speaking_E.c.obj
[100%] Building C object esp-idf/src/CMakeFiles/__idf_src.dir/ui/ui.c.obj
/Users/light/dev/web-apps/aligned-tools/hardware/watcher-firmware/examples/aligned-realtime/src/cmd.cpp: In function 'int wifi_cfg_set(int, char**)':
/Users/light/dev/web-apps/aligned-tools/hardware/watcher-firmware/examples/aligned-realtime/src/cmd.cpp:81:37: warning: missing initializer for member 'wifi_ap_config_t::password' [-Wmissing-field-initializers]
   81 |     wifi_config_t wifi_config = { 0 };
      |                                     ^
/Users/light/dev/web-apps/aligned-tools/hardware/watcher-firmware/examples/aligned-realtime/src/cmd.cpp:81:37: warning: missing initializer for member 'wifi_ap_config_t::ssid_len' [-Wmissing-field-initializers]
/Users/light/dev/web-apps/aligned-tools/hardware/watcher-firmware/examples/aligned-realtime/src/cmd.cpp:81:37: warning: missing initializer for member 'wifi_ap_config_t::channel' [-Wmissing-field-initializers]
/Users/light/dev/web-apps/aligned-tools/hardware/watcher-firmware/examples/aligned-realtime/src/cmd.cpp:81:37: warning: missing initializer for member 'wifi_ap_config_t::authmode' [-Wmissing-field-initializers]
/Users/light/dev/web-apps/aligned-tools/hardware/watcher-firmware/examples/aligned-realtime/src/cmd.cpp:81:37: warning: missing initializer for member 'wifi_ap_config_t::ssid_hidden' [-Wmissing-field-initializers]
/Users/light/dev/web-apps/aligned-tools/hardware/watcher-firmware/examples/aligned-realtime/src/cmd.cpp:81:37: warning: missing initializer for member 'wifi_ap_config_t::max_connection' [-Wmissing-field-initializers]
/Users/light/dev/web-apps/aligned-tools/hardware/watcher-firmware/examples/aligned-realtime/src/cmd.cpp:81:37: warning: missing initializer for member 'wifi_ap_config_t::beacon_interval' [-Wmissing-field-initializers]
/Users/light/dev/web-apps/aligned-tools/hardware/watcher-firmware/examples/aligned-realtime/src/cmd.cpp:81:37: warning: missing initializer for member 'wifi_ap_config_t::csa_count' [-Wmissing-field-initializers]
/Users/light/dev/web-apps/aligned-tools/hardware/watcher-firmware/examples/aligned-realtime/src/cmd.cpp:81:37: warning: missing initializer for member 'wifi_ap_config_t::dtim_period' [-Wmissing-field-initializers]
/Users/light/dev/web-apps/aligned-tools/hardware/watcher-firmware/examples/aligned-realtime/src/cmd.cpp:81:37: warning: missing initializer for member 'wifi_ap_config_t::pairwise_cipher' [-Wmissing-field-initializers]
/Users/light/dev/web-apps/aligned-tools/hardware/watcher-firmware/examples/aligned-realtime/src/cmd.cpp:81:37: warning: missing initializer for member 'wifi_ap_config_t::ftm_responder' [-Wmissing-field-initializers]
/Users/light/dev/web-apps/aligned-tools/hardware/watcher-firmware/examples/aligned-realtime/src/cmd.cpp:81:37: warning: missing initializer for member 'wifi_ap_config_t::pmf_cfg' [-Wmissing-field-initializers]
/Users/light/dev/web-apps/aligned-tools/hardware/watcher-firmware/examples/aligned-realtime/src/cmd.cpp:81:37: warning: missing initializer for member 'wifi_ap_config_t::sae_pwe_h2e' [-Wmissing-field-initializers]
/Users/light/dev/web-apps/aligned-tools/hardware/watcher-firmware/examples/aligned-realtime/src/cmd.cpp:81:37: warning: missing initializer for member 'wifi_ap_config_t::transition_disable' [-Wmissing-field-initializers]
/Users/light/dev/web-apps/aligned-tools/hardware/watcher-firmware/examples/aligned-realtime/src/cmd.cpp:81:37: warning: missing initializer for member 'wifi_ap_config_t::sae_ext' [-Wmissing-field-initializers]
/Users/light/dev/web-apps/aligned-tools/hardware/watcher-firmware/examples/aligned-realtime/src/cmd.cpp: In function 'void register_cmd_wifi_sta()':
/Users/light/dev/web-apps/aligned-tools/hardware/watcher-firmware/examples/aligned-realtime/src/cmd.cpp:153:5: warning: missing initializer for member 'esp_console_cmd_t::func_w_context' [-Wmissing-field-initializers]
  153 |     };
      |     ^
/Users/light/dev/web-apps/aligned-tools/hardware/watcher-firmware/examples/aligned-realtime/src/cmd.cpp:153:5: warning: missing initializer for member 'esp_console_cmd_t::context' [-Wmissing-field-initializers]
/Users/light/dev/web-apps/aligned-tools/hardware/watcher-firmware/examples/aligned-realtime/src/cmd.cpp: In function 'void register_cmd_reboot()':
/Users/light/dev/web-apps/aligned-tools/hardware/watcher-firmware/examples/aligned-realtime/src/cmd.cpp:173:5: warning: missing initializer for member 'esp_console_cmd_t::func_w_context' [-Wmissing-field-initializers]
  173 |     };
      |     ^
/Users/light/dev/web-apps/aligned-tools/hardware/watcher-firmware/examples/aligned-realtime/src/cmd.cpp:173:5: warning: missing initializer for member 'esp_console_cmd_t::context' [-Wmissing-field-initializers]
/Users/light/dev/web-apps/aligned-tools/hardware/watcher-firmware/examples/aligned-realtime/src/cmd.cpp: In function 'int openai_api_key_set(int, char**)':
/Users/light/dev/web-apps/aligned-tools/hardware/watcher-firmware/examples/aligned-realtime/src/cmd.cpp:19:33: warning: ISO C++ forbids converting a string constant to 'char*' [-Wwrite-strings]
   19 | #define OPENAI_API_KEY_STORAGE  "openaikey"
      |                                 ^~~~~~~~~~~
/Users/light/dev/web-apps/aligned-tools/hardware/watcher-firmware/examples/aligned-realtime/src/cmd.cpp:205:23: note: in expansion of macro 'OPENAI_API_KEY_STORAGE'
  205 |         storage_write(OPENAI_API_KEY_STORAGE, (void *)key_buf, sizeof(key_buf));
      |                       ^~~~~~~~~~~~~~~~~~~~~~
/Users/light/dev/web-apps/aligned-tools/hardware/watcher-firmware/examples/aligned-realtime/src/cmd.cpp:19:33: warning: ISO C++ forbids converting a string constant to 'char*' [-Wwrite-strings]
   19 | #define OPENAI_API_KEY_STORAGE  "openaikey"
      |                                 ^~~~~~~~~~~
/Users/light/dev/web-apps/aligned-tools/hardware/watcher-firmware/examples/aligned-realtime/src/cmd.cpp:210:34: note: in expansion of macro 'OPENAI_API_KEY_STORAGE'
  210 |     esp_err_t ret = storage_read(OPENAI_API_KEY_STORAGE, (void *)key_buf, &len);
      |                                  ^~~~~~~~~~~~~~~~~~~~~~
/Users/light/dev/web-apps/aligned-tools/hardware/watcher-firmware/examples/aligned-realtime/src/cmd.cpp: In function 'void register_openai_api_key()':
/Users/light/dev/web-apps/aligned-tools/hardware/watcher-firmware/examples/aligned-realtime/src/cmd.cpp:232:5: warning: missing initializer for member 'esp_console_cmd_t::func_w_context' [-Wmissing-field-initializers]
  232 |     };
      |     ^
/Users/light/dev/web-apps/aligned-tools/hardware/watcher-firmware/examples/aligned-realtime/src/cmd.cpp:232:5: warning: missing initializer for member 'esp_console_cmd_t::context' [-Wmissing-field-initializers]
/Users/light/dev/web-apps/aligned-tools/hardware/watcher-firmware/examples/aligned-realtime/src/cmd.cpp: In function 'void register_aligned_token()':
/Users/light/dev/web-apps/aligned-tools/hardware/watcher-firmware/examples/aligned-realtime/src/cmd.cpp:288:5: warning: missing initializer for member 'esp_console_cmd_t::func_w_context' [-Wmissing-field-initializers]
  288 |     };
      |     ^
/Users/light/dev/web-apps/aligned-tools/hardware/watcher-firmware/examples/aligned-realtime/src/cmd.cpp:288:5: warning: missing initializer for member 'esp_console_cmd_t::context' [-Wmissing-field-initializers]
/Users/light/dev/web-apps/aligned-tools/hardware/watcher-firmware/examples/aligned-realtime/src/cmd.cpp: In function 'void register_aligned_api()':
/Users/light/dev/web-apps/aligned-tools/hardware/watcher-firmware/examples/aligned-realtime/src/cmd.cpp:339:5: warning: missing initializer for member 'esp_console_cmd_t::func_w_context' [-Wmissing-field-initializers]
  339 |     };
      |     ^
/Users/light/dev/web-apps/aligned-tools/hardware/watcher-firmware/examples/aligned-realtime/src/cmd.cpp:339:5: warning: missing initializer for member 'esp_console_cmd_t::context' [-Wmissing-field-initializers]
/Users/light/dev/web-apps/aligned-tools/hardware/watcher-firmware/examples/aligned-realtime/src/cmd.cpp: In function 'void register_aligned_connect()':
/Users/light/dev/web-apps/aligned-tools/hardware/watcher-firmware/examples/aligned-realtime/src/cmd.cpp:370:5: warning: missing initializer for member 'esp_console_cmd_t::func_w_context' [-Wmissing-field-initializers]
  370 |     };
      |     ^
/Users/light/dev/web-apps/aligned-tools/hardware/watcher-firmware/examples/aligned-realtime/src/cmd.cpp:370:5: warning: missing initializer for member 'esp_console_cmd_t::context' [-Wmissing-field-initializers]
/Users/light/dev/web-apps/aligned-tools/hardware/watcher-firmware/examples/aligned-realtime/src/cmd.cpp: In function 'void register_aligned_voice()':
/Users/light/dev/web-apps/aligned-tools/hardware/watcher-firmware/examples/aligned-realtime/src/cmd.cpp:411:5: warning: missing initializer for member 'esp_console_cmd_t::func_w_context' [-Wmissing-field-initializers]
  411 |     };
      |     ^
/Users/light/dev/web-apps/aligned-tools/hardware/watcher-firmware/examples/aligned-realtime/src/cmd.cpp:411:5: warning: missing initializer for member 'esp_console_cmd_t::context' [-Wmissing-field-initializers]
/Users/light/dev/web-apps/aligned-tools/hardware/watcher-firmware/examples/aligned-realtime/src/cmd.cpp: In function 'void register_aligned_start()':
/Users/light/dev/web-apps/aligned-tools/hardware/watcher-firmware/examples/aligned-realtime/src/cmd.cpp:452:5: warning: missing initializer for member 'esp_console_cmd_t::func_w_context' [-Wmissing-field-initializers]
  452 |     };
      |     ^
/Users/light/dev/web-apps/aligned-tools/hardware/watcher-firmware/examples/aligned-realtime/src/cmd.cpp:452:5: warning: missing initializer for member 'esp_console_cmd_t::context' [-Wmissing-field-initializers]
/Users/light/dev/web-apps/aligned-tools/hardware/watcher-firmware/examples/aligned-realtime/src/cmd.cpp: In function 'int cmd_init()':
/Users/light/dev/web-apps/aligned-tools/hardware/watcher-firmware/examples/aligned-realtime/src/cmd.cpp:19:33: warning: ISO C++ forbids converting a string constant to 'char*' [-Wwrite-strings]
   19 | #define OPENAI_API_KEY_STORAGE  "openaikey"
      |                                 ^~~~~~~~~~~
/Users/light/dev/web-apps/aligned-tools/hardware/watcher-firmware/examples/aligned-realtime/src/cmd.cpp:511:34: note: in expansion of macro 'OPENAI_API_KEY_STORAGE'
  511 |     esp_err_t ret = storage_read(OPENAI_API_KEY_STORAGE, (void *)g_openai_api_key_buf, &len);
      |                                  ^~~~~~~~~~~~~~~~~~~~~~
/Users/light/dev/web-apps/aligned-tools/hardware/watcher-firmware/examples/aligned-realtime/src/cmd.cpp: At global scope:
/Users/light/dev/web-apps/aligned-tools/hardware/watcher-firmware/examples/aligned-realtime/src/cmd.cpp:25:12: warning: 'int max(int, int)' defined but not used [-Wunused-function]
   25 | static int max(int a, int b) {
      |            ^~~
[100%] Linking C static library libsrc.a
[100%] Built target __idf_src
[100%] Generating ld/sections.ld
[100%] Built target __ldgen_output_sections.ld
[100%] Building C object CMakeFiles/aligned-realtime.elf.dir/project_elf_src_esp32s3.c.obj
[100%] Linking CXX executable aligned-realtime.elf
[100%] Built target aligned-realtime.elf
[100%] Generating binary image from built executable
esptool.py v4.10.0
Creating esp32s3 image...
Merged 2 ELF sections
Successfully created esp32s3 image.
Generated /Users/light/dev/web-apps/aligned-tools/hardware/watcher-firmware/examples/aligned-realtime/build/aligned-realtime.bin
[100%] Built target gen_project_binary
aligned-realtime.bin binary size 0x75cb50 bytes. Smallest app partition is 0xc00000 bytes. 0x4a34b0 bytes (39%) free.
[100%] Built target app_check_size
[100%] Built target app

Project build complete. To flash, run:
 idf.py flash
or
 idf.py -p PORT flash
or
 python -m esptool --chip esp32s3 -b 460800 --before default_reset --after hard_reset write_flash --flash_mode dio --flash_size 32MB --flash_freq 80m 0x0 build/bootloader/bootloader.bin 0x8000 build/partition_table/partition-table.bin 0x110000 build/aligned-realtime.bin
or from the "/Users/light/dev/web-apps/aligned-tools/hardware/watcher-firmware/examples/aligned-realtime/build" directory
 python -m esptool --chip esp32s3 -b 460800 --before default_reset --after hard_reset write_flash "@flash_args"
